"Parcelle";"Traitement";"ID_Zone";"Individu";"Total_poids_graines_avnettoyage";"P.graines";"Poids_graine_1";"Poids_graine_2";"Poids_graines_3";"T.graines";"PMG";"Hauteur";"Diametre"
12;"GM";"CAGE";1;55,1;50,1;61,69;60,85;60,29;721;60,9433333333333;138;155
12;"GM";"CAGE";2;60,7;56,8;59,28;55,82;39,75;1018;51,6166666666667;144;160
12;"GM";"CAGE";3;77,8;72,5;91,12;68,73;72,72;1012;77,5233333333333;135;165
12;"GM";"SACHET";1;116,6;106;111,8;91,29;105,77;990;102,953333333333;133;234
12;"GM";"SACHET";2;70,7;61,4;99,74;87,65;98,28;1284;95,2233333333333;157;205
12;"GM";"SACHET";3;126,4;113,8;99,76;87,6;98,32;1177;95,2266666666667;136;238
12;"GM";"SACHET";4;143;129,5;101,91;112,24;114,78;1280;109,643333333333;123;256
12;"GM";"SACHET";5;80,3;74,9;54,44;64,2;58,54;1239;59,06;163;191
12;"GM";"SACHET";6;36,9;21,9;43,35;42,13;43,19;453;42,89;138;131
12;"PM";"CAGE";1;50,8;43,3;40,72;66,18;47,49;751;51,4633333333333;153;154
12;"PM";"CAGE";2;60,6;56,2;50,94;82,02;52,6;921;61,8533333333333;142;158
12;"PM";"CAGE";3;27,2;22,7;39,3;40,44;40,13;391;39,9566666666667;146;116
12;"PM";"SACHET";1;54,4;38,3;48,68;61,45;52,86;807;54,33;153;163
12;"PM";"SACHET";2;122,7;115,6;88,01;102,16;82,2;1343;90,79;158;230
12;"PM";"SACHET";3;110,1;103,6;85,65;94,42;90,12;1168;90,0633333333333;126;214
12;"PM";"SACHET";4;93,3;88,2;76,54;86,5;78,27;1173;80,4366666666667;136;198
12;"PM";"SACHET";5;63,4;52,6;43,03;50,62;55,97;1092;49,8733333333333;160;185
12;"PM";"SACHET";6;63;58,4;58,1;57,51;61,32;947;58,9766666666667;159;163
12;"PM + Abeille";"CAGE";1;68,4;64,8;60,88;44,63;76,44;1035;60,65;145;184
12;"PM + Abeille";"CAGE";2;55,1;52,4;71,9;56,1;41,73;925;56,5766666666667;149;162
12;"PM + Abeille";"CAGE";3;91,6;85,7;106,7;93,2;101,7;951;100,533333333333;138;192
12;"PM + Pollen";"SACHET";3;81,7;76,5;55,95;61,53;75,3;1002;64,26;134;202
12;"PM + Pollen";"SACHET";6;93,7;88,5;75,49;82,31;84,2;1278;80,6666666666667;148;197
12;"NF";"CAGE";1;85,3;81,2;54,33;67,61;73,81;1108;65,25;132;194
12;"NF";"CAGE";2;53,7;48,8;53,17;58,67;45,19;971;52,3433333333333;121;143
12;"NF";"CAGE";3;64,5;60,1;80,15;69,35;63,06;810;70,8533333333333;138;150
12;"NF1";"SACHET";1;118,5;104,7;95,36;98,58;103,46;1960;99,1333333333333;125;238
12;"NF1";"SACHET";2;97,2;92,7;69,04;75,98;76,17;1346;73,73;153;198
12;"NF1";"SACHET";3;123,1;115,9;95,7;82,08;81,85;1201;86,5433333333333;119;230
12;"NF1";"SACHET";4;133,4;125,9;87,59;70,19;70,1;1509;75,96;120;231
12;"NF1";"SACHET";5;70,2;65,4;76,16;75,63;35,35;1114;62,38;169;190
12;"NF1";"SACHET";6;60,7;56,6;62,52;51,54;74,29;862;62,7833333333333;163;163
12;"NF2";"SACHET";1;114,4;107,5;64,51;67,5;79,94;1415;70,65;143;225
12;"NF2";"SACHET";3;83;74,2;78,4;40,24;70,54;1356;63,06;123;198
12;"NF2";"SACHET";6;92,9;89,4;77,3;73,77;81,07;1197;77,38;152;186
46;"MICRO";"MICRO";1;54,6;46,4;21,8;31,5;28,4;1685;27,2333333333333;NA;NA
116;"GM";"CAGE";1;51,2;47,1;46,65;93,93;76,88;671;72,4866666666667;128;132
116;"GM";"CAGE";2;54,2;48,2;78,23;55,14;54,01;701;62,46;107;136
116;"GM";"CAGE";3;55,1;49,8;69,92;78,16;83,56;694;77,2133333333333;123;148
116;"GM";"SACHET";1;130,6;121,9;91,26;105,88;98,27;1424;98,47;113;245
116;"GM";"SACHET";2;59,9;53,8;65,42;45,11;65,21;1059;58,58;136;172
116;"GM";"SACHET";3;33,5;26,6;31,46;17,09;48,11;579;32,22;146;131
116;"GM";"SACHET";4;96,8;90;107,6;100,71;95,36;1018;101,223333333333;119;200
116;"GM";"SACHET";5;37,7;28,4;57,9;52,33;56,17;532;55,4666666666667;109;138
116;"GM";"SACHET";6;98,8;92;102,24;97,25;94,91;1661;98,1333333333333;100;199
116;"PM";"CAGE";1;58,1;54,4;64,1;64,99;63,84;793;64,31;114;158
116;"PM";"CAGE";2;50,2;44,7;85,74;58,01;87,46;643;77,07;115;150
116;"PM";"CAGE";3;41,7;34,8;73,66;60,23;64,61;563;66,1666666666667;122;137
116;"PM";"SACHET";1;120,4;112,5;104,27;104,51;108,7;1227;105,826666666667;135;238
116;"PM";"SACHET";2;82,7;75,4;66,13;66,25;81,23;1148;71,2033333333333;133;177
116;"PM";"SACHET";3;62,6;52,2;75,01;77,28;71,09;844;74,46;132;176
116;"PM";"SACHET";4;86,4;77,2;89,51;77,28;76,72;1056;81,17;128;135
116;"PM";"SACHET";5;88,4;80,5;116,68;128,73;119,86;814;121,756666666667;105;190
116;"PM";"SACHET";6;83,6;75,8;79,61;91,88;162;920;111,163333333333;109;185
116;"PM + Abeille";"CAGE";1;27,3;20,3;52,63;58,18;29,89;327;46,9;115;114
116;"PM + Abeille";"CAGE";2;34,1;22,8;47,54;52,21;53,99;432;51,2466666666667;123;142
116;"PM + Abeille";"CAGE";3;47,8;40,3;51,35;65,12;57,33;685;57,9333333333333;123;149
116;"PM + Pollen";"SACHET";3;58,5;51,7;63,78;53,68;71,35;919;62,9366666666667;160;139
116;"PM + Pollen";"SACHET";6;112,3;104;90,16;98,56;105,24;1054;97,9866666666667;105;240
116;"NF";"CAGE";1;52,9;42,9;47,96;49,88;52,56;714;50,1333333333333;102;145
116;"NF";"CAGE";2;76,5;71,9;83,63;106,22;84,16;858;91,3366666666667;121;177
116;"NF";"CAGE";3;39,4;30,6;48,36;55,1;60,31;542;54,59;119;130
116;"NF1";"SACHET";1;130,1;117,8;133,62;124,15;128,1;1212;128,623333333333;115;212
116;"NF1";"SACHET";2;35,4;23,9;46,78;51,88;53,79;563;50,8166666666667;150;134
116;"NF1";"SACHET";3;77,8;74;64,32;81,44;83,36;1004;76,3733333333333;143;185
116;"NF1";"SACHET";4;51,3;47,8;70,81;83,17;75,79;689;76,59;116;135
116;"NF1";"SACHET";5;51,8;44,6;39,85;67,53;53,96;791;53,78;102;153
116;"NF1";"SACHET";6;123,7;109,2;123,82;112,48;142,94;1202;126,413333333333;108;254
116;"NF2";"SACHET";1;114,7;105,9;108,99;106,55;115,76;1185;110,433333333333;132;215
116;"NF2";"SACHET";3;59;49,5;55;60,12;57,79;889;57,6366666666667;149;150
116;"NF2";"SACHET";6;89,5;77,7;66,69;94,25;89,96;976;83,6333333333333;107;193
321;"Micro";"MICRO";1;58,2;52,3;53,1;51,7;33,3;1139;46,0333333333333;NA;NA
376;"GM";"CAGE";1;25,5;20,5;24,3;33,9;38,7;831;32,3;120;107
376;"GM";"CAGE";2;48;41,5;36,1;42,2;43,6;1039;40,6333333333333;128;160
376;"GM";"CAGE";3;53,8;67,7;31,4;42;46,4;1380;39,9333333333333;115;162
376;"GM";"SACHET";1;NA;51,6;60,8;59,4;53,2;936;57,8;132;209
376;"GM";"SACHET";2;35,6;30;42;42,6;42,8;811;42,4666666666667;128;135
376;"GM";"SACHET";3;43,7;33;43,7;42,3;42,6;776;42,8666666666667;137;162
376;"GM";"SACHET";4;55,3;48,7;52,1;53,4;57,1;1103;54,2;123;174
376;"GM";"SACHET";5;35,4;32,4;31,3;37,6;36,5;968;35,1333333333333;119;146
376;"GM";"SACHET";6;60,7;57,5;52,9;36,8;49,2;1306;46,3;129;186
376;"PM";"CAGE";1;39,5;33,2;30,9;36,4;39,8;831;35,7;129;155
376;"PM";"CAGE";2;30,1;24,7;35,6;43,5;45,5;579;41,5333333333333;130;136
376;"PM";"CAGE";3;30,1;24,3;43,8;36,3;42,2;590;40,7666666666667;132;133
376;"PM";"SACHET";1;27,5;15;62,3;59,2;63,6;286;61,7;127;188
376;"PM";"SACHET";2;32,8;20,7;54,4;56;38,2;491;49,5333333333333;136;166
376;"PM";"SACHET";3;38,29;25,8;33,2;32;29,7;810;31,6333333333333;133;132
376;"PM";"SACHET";4;47,6;40,7;43,1;37;76,3;1145;52,1333333333333;133;170
376;"PM";"SACHET";5;40,3;37,1;48,3;33,3;38,7;1043;40,1;113;130
376;"PM";"SACHET";6;37,5;34,5;39,1;38,4;34,9;1058;37,4666666666667;120;130
376;"PM + Abeille";"CAGE";1;29;25,3;22,6;27,8;19;1008;23,1333333333333;108;114
376;"PM + Abeille";"CAGE";2;30,2;15,5;58,9;53;52,2;310;54,7;129;195
376;"PM + Abeille";"CAGE";3;40,7;29,6;18,8;18,7;14,7;653;17,4;123;198
376;"PM + Pollen";"SACHET";3;28,2;18,5;25;22,2;16,7;901;21,3;126;130
376;"PM + Pollen";"SACHET";6;21,1;15,1;32,1;21,6;23,8;607;25,8333333333333;111;95
376;"NF";"CAGE";1;76,5;72,9;34,3;32,7;41,9;2091;36,3;132;170
376;"NF";"CAGE";2;65,6;59,5;35,4;26,6;37,3;1809;33,1;123;160
376;"NF";"CAGE";3;63;60,8;36,8;21,4;38,4;2047;32,2;124;171
376;"NF1";"SACHET";1;46,5;42,6;28,1;34,1;28,4;1649;30,2;129;158
376;"NF1";"SACHET";2;39,5;37,8;28,1;32,4;29;1416;29,8333333333333;138;146
376;"NF1";"SACHET";3;42,2;36,2;22,3;28,1;24,4;1521;24,9333333333333;130;143
376;"NF1";"SACHET";4;60;53;45,3;50,8;49,4;1203;48,5;128;143
376;"NF1";"SACHET";5;58,3;51,3;37;53,1;41,6;1474;43,9;117;185
376;"NF1";"SACHET";6;26,6;21,7;29,7;37,9;43,6;732;37,0666666666667;115;72
376;"NF2";"SACHET";1;30,6;22,4;25;26,7;17,8;825;23,1666666666667;121;141
376;"NF2";"SACHET";3;54,8;52;32,7;34,1;36,1;1716;34,3;139;158
376;"NF2";"SACHET";6;30;25,2;36,8;24,3;32;819;31,0333333333333;124;90
457;"";"MICRO";1;41,3;35,9;37,2;42,5;32,8;1154;37,5;NA;NA
1823;"GM";"CAGE";1;62,8;55,9;46,1;54,1;31,6;1460;43,9333333333333;86;135
1823;"GM";"CAGE";2;97,9;86,9;17,4;71,3;24,4;1390;37,7;103;230
1823;"GM";"CAGE";3;119,6;111,8;80,4;92,4;67,8;2021;80,2;98;220
1823;"GM";"SACHET";1;83,3;78,3;65,8;38,5;50,4;1719;51,5666666666667;103;216
1823;"GM";"SACHET";2;47;41,5;48,8;54,2;52;1275;51,6666666666667;126;157
1823;"GM";"SACHET";3;46,5;41,5;39,2;25,7;26,6;1315;30,5;104;161
1823;"GM";"SACHET";4;48,5;44;47,6;40,9;55,8;1338;48,1;115;138
1823;"GM";"SACHET";5;48,3;43,3;45,8;38,6;35,9;2860;40,1;115;137
1823;"GM";"SACHET";6;36,3;33,7;41,2;41,1;30,8;931;37,7;119;124
1823;"PM";"CAGE";1;58,6;53;42,1;35,1;39,9;1509;39,0333333333333;94;150
1823;"PM";"CAGE";2;34,3;29;35,1;38;27,7;1147;33,6;85;110
1823;"PM";"CAGE";3;31,9;27;48,8;35,5;42,1;1020;42,1333333333333;92;115
1823;"PM";"SACHET";1;78,8;69,5;63,5;46,9;37,5;1626;49,3;106;190
1823;"PM";"SACHET";2;83,9;74,5;56,2;65,2;49,7;1664;57,0333333333333;114;178
1823;"PM";"SACHET";3;39,2;35,9;47,5;28;39;1140;38,1666666666667;99;130
1823;"PM";"SACHET";4;64,7;56,6;56,1;58;25,5;1355;46,5333333333333;112;168
1823;"PM";"SACHET";5;56,6;50,6;42,1;56,7;27,5;1521;42,1;102;102
1823;"PM";"SACHET";6;44,4;38,6;52,1;46;41,5;1062;46,5333333333333;115;124
1823;"PM + Abeille";"CAGE";1;17,8;15,1;26,1;22,4;29;669;25,8333333333333;81;90
1823;"PM + Abeille";"CAGE";2;63,9;58,4;37,5;38,9;45,2;1533;40,5333333333333;101;145
1823;"PM + Abeille";"CAGE";3;90,8;85,2;71,6;54;65,9;1699;63,8333333333333;105;205
1823;"PM + Pollen";"SACHET";3;83,4;77;56,2;64,1;37,7;1713;52,6666666666667;106;213
1823;"PM + Pollen";"SACHET";6;37,7;34,3;44;35,8;13,2;1027;31;109;129
1823;"NF";"CAGE";1;79,1;72,3;50,8;53,2;50,8;1784;51,6;95;170
1823;"NF";"CAGE";2;54,7;49,2;38,8;22,9;28,7;1476;30,1333333333333;98;140
1823;"NF";"CAGE";3;73,2;67;59,9;61,3;53,3;1593;58,1666666666667;97;175
1823;"NF1";"SACHET";1;84,7;75,5;71;62,3;78,4;1432;70,5666666666667;113;207
1823;"NF1";"SACHET";2;41,8;37,2;39,2;43,5;40,5;1239;41,0666666666667;112;153
1823;"NF1";"SACHET";3;90,4;85,3;65,4;55,5;37,4;1926;52,7666666666667;109;178
1823;"NF1";"SACHET";4;39;34,6;41,9;29,3;31,4;1017;34,2;112;128
1823;"NF1";"SACHET";5;25,3;20,6;23,7;32,2;30,8;808;28,9;105;136
1823;"NF1";"SACHET";6;43;37,9;32,8;38,9;35,3;1118;35,6666666666667;107;148
1823;"NF2";"SACHET";1;32,4;26,3;36,8;34,2;24,4;981;31,8;99;105
1823;"NF2";"SACHET";3;101,5;95,2;59,6;68,5;64,4;1622;64,1666666666667;117;212
1823;"NF2";"SACHET";6;38,3;33,8;37,6;36,1;39,8;997;37,8333333333333;112;130
2187;"GM";"CAGE";1;112,5;101;81,2;81;49;1554;70,4;135;230
2187;"GM";"CAGE";2;111;103,5;79,3;56,2;55,6;1992;63,7;141;230
2187;"GM";"CAGE";3;108,4;89,4;77,4;86,5;76,8;1268;80,2333333333333;139;265
2187;"GM";"SACHET";1;61,5;57,1;48,8;67,7;73,1;1044;63,2;113;190
2187;"GM";"SACHET";1;114,9;106,4;66,3;72,3;60,7;1863;66,4333333333333;113;190
2187;"GM";"SACHET";2;142,4;122,2;95,3;99,2;102,3;1672;98,9333333333333;144;280
2187;"GM";"SACHET";3;144;128,5;169,68;104,83;93,75;1702;122,753333333333;158;250
2187;"GM";"SACHET";4;42;39,1;40,9;35,8;28,7;1082;35,1333333333333;164;164
2187;"GM";"SACHET";5;60,1;55,1;50,2;45,3;50,7;1383;48,7333333333333;134;182
2187;"PM";"CAGE";1;139,2;128,6;27,3;103,7;95,1;1825;75,3666666666667;140;285
2187;"PM";"CAGE";2;98,3;86,3;100,48;90,4;88,38;1222;93,0866666666667;128;210
2187;"PM";"CAGE";3;121,4;111,6;58,2;84;56,1;1921;66,1;144;265
2187;"PM";"SACHET";1;54,3;48,7;61,6;55,7;66,3;983;61,2;118;175
2187;"PM";"SACHET";2;96,3;89,7;69,5;65;59,6;1855;64,7;150;209
2187;"PM";"SACHET";3;43,8;39,2;51,6;59,4;42,4;980;51,1333333333333;129;130
2187;"PM";"SACHET";4;73,3;62,7;51,6;30,3;43,2;1408;41,7;126;180
2187;"PM";"SACHET";5;50,6;46,8;50,5;53,8;50,3;1368;51,5333333333333;132;160
2187;"PM";"SACHET";6;41,7;38,2;49,1;33,5;29,3;1163;37,3;89;145
2187;"PM + Abeille";"CAGE";1;63,3;57,2;53,3;48,8;53,2;1380;51,7666666666667;144;175
2187;"PM + Abeille";"CAGE";2;109,6;103,2;72,5;12;60,8;1677;48,4333333333333;135;224
2187;"PM + Abeille";"CAGE";3;70,1;65,1;69,6;66;68,1;1118;67,9;133;176
2187;"PM + Pollen";"SACHET";3;130,9;123,5;70,94;53,89;63,7;2131;62,8433333333333;142;249
2187;"PM + Pollen";"SACHET";6;27,6;24,1;29,35;24,66;37,5;885;30,5033333333333;85;120
2187;"NF";"CAGE";1;96,8;88,3;57,1;58,4;57,6;2237;57,7;122;204
2187;"NF";"CAGE";2;167,3;153,3;92,9;87,2;84,1;2479;88,0666666666667;130;264
2187;"NF";"CAGE";3;125;114,6;78,35;55,5;57,03;2097;63,6266666666667;134;250
2187;"NF1";"SACHET";1;76,2;71,8;58,1;75,7;73,6;1301;69,1333333333333;119;185
2187;"NF1";"SACHET";1;162,2;156,9;78,5;96,9;76,2;2216;83,8666666666667;119;185
2187;"NF1";"SACHET";3;162,4;152,3;61,9;72,1;67,1;2700;67,0333333333333;135;254
2187;"NF1";"SACHET";4;94,6;89,4;56,2;46,9;47,9;1736;50,3333333333333;130;194
2187;"NF1";"SACHET";5;72;66,9;47,9;34,1;34,8;1724;38,9333333333333;132;183
2187;"NF1";"SACHET";6;45,2;41,7;48,59;52,14;42,01;1086;47,58;98;162
2187;"NF2";"SACHET";2;74,2;68,1;78;88,9;63,6;1101;76,8333333333333;NA;NA
2187;"NF2";"SACHET";3;137,2;128,9;81,8;53,5;64,2;2311;66,5;155;239
2187;"NF2";"SACHET";6;39,9;36,8;48,46;29,32;30,42;1122;36,0666666666667;76;143
2230;"GM";"CAGE";1;11,6;8;45,8;33,8;30,8;334;36,8;114;86
2230;"GM";"CAGE";2;45;34,1;64,9;50,9;34,6;722;50,1333333333333;123;152
2230;"GM";"CAGE";3;24,6;17,6;52,4;32,1;37,8;1410;40,7666666666667;116;120
2230;"GM";"SACHET";1;13,2;5,4;81,7;50,4;120,1;81;84,0666666666667;102;119
2230;"GM";"SACHET";2;46,5;37,2;85,5;59,8;90,7;506;78,6666666666667;120;164
2230;"GM";"SACHET";3;55,7;43,6;49,1;67,8;67,5;761;61,4666666666667;133;176
2230;"GM";"SACHET";4;42,9;36;91,3;82,3;92,2;663;88,6;110;158
2230;"GM";"SACHET";5;29,1;24,1;50;35,8;50,5;579;45,4333333333333;124;115
2230;"GM";"SACHET";6;18,3;13,1;54,9;38,4;45,5;319;46,2666666666667;105;102
2230;"PM";"CAGE";1;32,4;23,3;65,8;70,5;62,5;505;66,2666666666667;121;144
2230;"PM";"CAGE";2;33,9;20,7;48,1;44,1;50,3;469;47,5;129;143
2230;"PM";"CAGE";3;29,2;20,7;50,8;26,4;38,5;522;38,5666666666667;127;142
2230;"PM";"SACHET";1;10;2,1;100,2;69,1;96,6;29;88,6333333333333;98;120
2230;"PM";"SACHET";2;76,5;67,4;101,4;100,1;95,5;812;99;132;188
2230;"PM";"SACHET";3;40,9;32,7;75,9;60,6;45,8;712;60,7666666666667;134;141
2230;"PM";"SACHET";4;39,6;30,3;59,1;42,2;40,7;629;47,3333333333333;119;160
2230;"PM";"SACHET";5;26,3;20,9;34,6;48,9;49;562;44,1666666666667;120;115
2230;"PM";"SACHET";6;29,9;22,9;88,4;51,1;51,4;549;63,6333333333333;118;125
2230;"PM + Abeille";"CAGE";1;49,7;44,9;54;64,1;45,6;962;54,5666666666667;130;176
2230;"PM + Abeille";"CAGE";2;71,5;63,1;92,2;99,5;106,6;784;99,4333333333333;149;226
2230;"PM + Abeille";"CAGE";3;67,5;58,3;102;88,9;114,9;847;101,933333333333;137;218
2230;"PM + Pollen";"SACHET";3;29,6;25,3;48,2;61,4;48,3;488;52,6333333333333;120;121
2230;"PM + Pollen";"SACHET";6;30,1;22,5;73,8;60,1;61,3;449;65,0666666666667;121;118
2230;"NF";"CAGE";1;19;12,7;40,3;45,7;46,1;311;44,0333333333333;110;112
2230;"NF";"CAGE";2;19,2;13,6;32,8;31,8;43,1;346;35,9;116;118
2230;"NF";"CAGE";3;23,2;16,5;49,4;37,8;30,9;429;39,3666666666667;113;120
2230;"NF1";"SACHET";1;6,1;0;8,1;6,6;7,5;4;7,4;88;148
2230;"NF1";"SACHET";2;59,2;52,4;83,2;75,3;61,4;949;73,3;174;166
2230;"NF1";"SACHET";3;50,3;42,3;50,1;53,4;61,5;775;55;130;185
2230;"NF1";"SACHET";4;37;31,3;68,1;61,3;59,4;600;62,9333333333333;128;140
2230;"NF1";"SACHET";5;55,9;44,2;65,8;59,6;49,7;915;58,3666666666667;126;163
2230;"NF1";"SACHET";6;55,9;49,7;70,4;73;80,2;832;74,5333333333333;127;171
2230;"NF2";"SACHET";1;35,9;30,4;64,8;47,7;60,2;605;57,5666666666667;105;115
2230;"NF2";"SACHET";3;63,8;57,6;62,9;61,6;58,5;1094;61;130;175
2230;"NF2";"SACHET";6;18,6;13,8;40,9;49,3;30,1;334;40,1;115;97
2935;"";"MICRO";1;78,4;73,7;52,2;48,6;53,9;1645;51,5666666666667;NA;NA
2939;"GM";"CAGE";1;116,3;109;98,2;94;89,5;1192;93,9;109;227
2939;"GM";"CAGE";2;95,6;81,7;88,5;85,2;80;949;84,5666666666667;116;269
2939;"GM";"CAGE";3;51;46,1;33,6;46,2;33,7;1015;37,8333333333333;102;134
2939;"GM";"SACHET";1;64,3;58,8;59,7;58,8;60,5;977;59,6666666666667;123;204
2939;"GM";"SACHET";2;61;52,6;64;44;45,1;1139;51,0333333333333;98;165
2939;"GM";"SACHET";3;60;38,8;94,7;111,4;73,8;457;93,3;118;220
2939;"GM";"SACHET";4;59,6;38,1;97,2;90,8;45,4;473;77,8;115;260
2939;"GM";"SACHET";5;72;67,5;68;45,7;61,2;1214;58,3;119;158
2939;"GM";"SACHET";6;55,4;37,9;97,2;27,6;103,7;488;76,1666666666667;112;216
2939;"PM";"CAGE";1;95,8;87,7;72,4;65,3;68,9;1424;68,8666666666667;103;180
2939;"PM";"CAGE";2;77,1;67,3;67,2;81,7;77,8;978;75,5666666666667;121;195
2939;"PM";"CAGE";3;93,5;84,7;77,6;87,7;81,4;1033;82,2333333333333;110;207
2939;"PM";"SACHET";1;54,6;48,5;78;69,7;56,5;757;68,0666666666667;120;175
2939;"PM";"SACHET";2;46,2;31,4;34,1;43,4;30,4;838;35,9666666666667;101;135
2939;"PM";"SACHET";3;70;51,6;126,8;122,3;123,7;497;124,266666666667;114;232
2939;"PM";"SACHET";4;109,7;96,7;105,4;110,4;103,9;996;106,566666666667;104;220
2939;"PM";"SACHET";5;71,9;63,3;83,9;53,1;103,4;806;80,1333333333333;132;179
2939;"PM";"SACHET";6;51,6;46,7;64,4;55;47,2;887;55,5333333333333;94;168
2939;"PM + Abeille";"CAGE";1;84,3;79,7;55,5;69,7;59,8;1196;61,6666666666667;114;171
2939;"PM + Abeille";"CAGE";2;62,4;46,2;87,6;39,8;101,8;568;76,4;120;242
2939;"PM + Abeille";"CAGE";3;83,9;77,5;83,5;86,5;82,3;1013;84,1;124;200
2939;"PM + Pollen";"SACHET";3;70,2;68;89,5;67,9;81,9;965;79,7666666666667;100;155
2939;"PM + Pollen";"SACHET";6;76,2;70,3;50,2;64,4;80,3;1011;64,9666666666667;120;178
2939;"NF";"CAGE";1;89,6;51,8;63,1;70,1;35,1;871;56,1;116;255
2939;"NF";"CAGE";2;97,5;93,3;54,8;76;72,3;1375;67,7;101;204
2939;"NF";"CAGE";3;74,9;70,9;57,7;57;44,7;1259;53,1333333333333;108;166
2939;"NF1";"SACHET";1;44,9;42,9;43;59,3;44,2;1014;48,8333333333333;121;164
2939;"NF1";"SACHET";2;29,6;29,4;46,5;37,8;32,6;817;38,9666666666667;103;131
2939;"NF1";"SACHET";3;139,9;117,4;78,9;90,7;81,8;1419;83,8;100;298
2939;"NF1";"SACHET";4;85,3;82;66,2;59,4;71,6;1407;65,7333333333333;101;195
2939;"NF1";"SACHET";5;77;73,4;61,6;50,5;61,6;1526;57,9;122;200
2939;"NF1";"SACHET";6;58,9;54,7;53,6;48,7;48,6;1002;50,3;95;175
2939;"NF2";"SACHET";1;54,3;46,7;78,4;77,9;81;633;79,1;116;195
2939;"NF2";"SACHET";3;99,2;89,8;80,4;82,7;95,8;1206;86,3;104;232
2939;"NF2";"SACHET";6;59,4;51,9;90,2;51;44,6;881;61,9333333333333;93;200
3107;"GM";"CAGE";2;65,9;57,7;96,9;75,6;79,7;841;84,0666666666667;101;178
3107;"GM";"CAGE";3;92,3;83,9;98,5;80,1;85,4;1177;88;101;207
3107;"GM";"SACHET";1;89,5;80,3;42,1;53;57,1;1281;50,7333333333333;111;136
3107;"GM";"SACHET";1;40,2;35,4;48,3;36,3;35,7;865;40,1;111;136
3107;"GM";"SACHET";2;88,2;80,9;57,7;63,7;60,5;1372;60,6333333333333;111;203
3107;"GM";"SACHET";3;110,2;101,3;65,8;81;60,5;1587;69,1;122;216
3107;"GM";"SACHET";4;37,9;25,7;57,6;40,1;31,8;618;43,1666666666667;100;128
3107;"GM";"SACHET";5;51;34,4;58,1;25,9;40;883;41,3333333333333;107;140
3107;"GM";"SACHET";6;28,6;10,3;33,1;32,4;36;338;33,8333333333333;81;118
3107;"PM";"CAGE";1;103,5;84,2;67,1;56,8;69,8;1484;64,5666666666667;112;219
3107;"PM";"CAGE";2;125,2;106,7;95,1;77,1;92,8;1398;88,3333333333333;115;278
3107;"PM";"CAGE";3;68,9;61,9;66,2;40,7;59,2;1149;55,3666666666667;98;167
3107;"PM";"SACHET";1;26,3;22,3;53,3;40,8;39,9;572;44,6666666666667;109;108
3107;"PM";"SACHET";2;98,1;88,9;78,2;90,8;79,2;1302;82,7333333333333;128;205
3107;"PM";"SACHET";3;113,5;102,7;54,6;102,6;91,1;1471;82,7666666666667;106;202
3107;"PM";"SACHET";4;65,8;51,5;55,1;24,1;55,3;1101;44,8333333333333;107;176
3107;"PM";"SACHET";5;66,2;53,4;27,9;45,2;51,5;1254;41,5333333333333;104;174
3107;"PM";"SACHET";6;45,3;29,8;40,9;21,6;52,4;862;38,3;96;160
3107;"PM + Abeille";"CAGE";1;26,2;35,1;51,7;45,5;36,8;1077;44,6666666666667;110;140
3107;"PM + Abeille";"CAGE";2;53,5;38,1;42,6;75,6;66,4;677;61,5333333333333;122;191
3107;"PM + Abeille";"CAGE";3;16,1;9,5;29,7;25,9;29,6;302;28,4;106;101
3107;"PM + Pollen";"SACHET";3;108,1;90,2;86,8;108,5;62,8;1195;86,0333333333333;129;249
3107;"PM + Pollen";"SACHET";6;82,4;72,8;59;68,5;77;1185;68,1666666666667;110;192
3107;"NF";"CAGE";1;34,4;27,2;36,8;48;41,2;731;42;108;123
3107;"NF";"CAGE";2;91,3;82,3;51;49,4;45,5;1410;48,6333333333333;109;195
3107;"NF";"CAGE";3;61,2;35,2;49,3;24,8;54,6;916;42,9;112;153
3107;"NF1";"SACHET";1;42;35,3;41,5;35,8;23,6;883;33,6333333333333;118;141
3107;"NF1";"SACHET";2;89,2;82,3;77,8;77,2;84,3;1088;79,7666666666667;113;182
3107;"NF1";"SACHET";2;26,7;22,7;32,5;42,9;45,6;601;40,3333333333333;113;182
3107;"NF1";"SACHET";3;138,4;122,2;91,5;81,1;86,3;1557;86,3;126;201
3107;"NF1";"SACHET";4;38,2;25,4;41,9;33,3;32,4;705;35,8666666666667;92;134
3107;"NF1";"SACHET";5;71,3;59,9;60,1;50,6;46,7;1476;52,4666666666667;113;181
3107;"NF1";"SACHET";6;67,7;55,6;33,2;47,2;27;1495;35,8;94;176
3107;"NF2";"SACHET";3;92,4;77,5;68,1;62,3;82,8;1356;71,0666666666667;129;242
3107;"NF2";"SACHET";6;62,5;53,8;45,1;50,7;51,9;1471;49,2333333333333;105;170
3253;"GM";"CAGE";1;42,9;38,9;60,3;60,7;32,9;1030;51,3;111;131
3253;"GM";"CAGE";2;40,5;35,7;50,5;37,7;42,7;126;43,6333333333333;108;132
3253;"GM";"CAGE";3;45,4;37,1;11,5;53;35;1017;33,1666666666667;93;160
3253;"GM";"SACHET";1;46,7;41,9;51;65,4;58,2;893;58,2;100;144
3253;"GM";"SACHET";2;62,5;57,2;70,8;86;92,4;920;83,0666666666667;96;180
3253;"GM";"SACHET";3;34,3;27,9;29;40,4;52,4;811;40,6;97;130
3253;"GM";"SACHET";4;39,8;33,7;35,8;47,5;34,2;799;39,1666666666667;110;135
3253;"GM";"SACHET";5;47,9;40,6;50,7;48,6;40;909;46,4333333333333;100;131
3253;"GM";"SACHET";6;40;34,1;47,8;51;53,5;890;50,7666666666667;98;150
3253;"PM";"CAGE";1;54,3;47,7;46,8;58,6;54,6;1050;53,3333333333333;108;159
3253;"PM";"CAGE";2;56,4;51,3;54,7;58,5;65,5;994;59,5666666666667;107;154
3253;"PM";"CAGE";3;30;25,1;40,8;33,3;28,8;662;34,3;111;117
3253;"PM";"SACHET";1;60,2;55,2;67,5;73,5;64,6;1030;68,5333333333333;102;157
3253;"PM";"SACHET";2;79,1;73,5;91,6;81,4;86,1;1080;86,3666666666667;109;175
3253;"PM";"SACHET";3;63,5;58,3;68,3;63,5;62,8;1151;64,8666666666667;115;177
3253;"PM";"SACHET";4;56,2;48,9;59,2;69,9;30;895;53,0333333333333;101;163
3253;"PM";"SACHET";5;50,1;41,4;49,4;36,1;46,2;966;43,9;107;152
3253;"PM";"SACHET";6;54,8;48,4;60,5;62,4;53,9;959;58,9333333333333;109;180
3253;"PM + Abeille";"CAGE";1;27;22,3;54,4;52,7;51;597;52,7;94;120
3253;"PM + Abeille";"CAGE";2;9,3;6;94,8;59,6;59,4;204;71,2666666666667;111;151
3253;"PM + Abeille";"CAGE";3;37,1;32,3;42,7;41,8;29,9;975;38,1333333333333;109;132
3253;"PM + Pollen";"SACHET";3;62,3;57,1;85,6;104,3;87,1;870;92,3333333333333;97;153
3253;"PM + Pollen";"SACHET";6;15,1;12,2;33,3;32;53;360;39,4333333333333;83;74
3253;"NF";"CAGE";1;71,2;65,7;68,3;65,5;82,9;1094;72,2333333333333;103;162
3253;"NF";"CAGE";2;79,7;74;45,6;56,2;49,6;1352;50,4666666666667;109;184
3253;"NF";"CAGE";3;35,1;27,9;52,7;53,5;51,2;776;52,4666666666667;93;129
3253;"NF1";"SACHET";1;70,5;63,7;86,7;74,5;67,3;1003;76,1666666666667;104;162
3253;"NF1";"SACHET";2;83,6;77,1;42,6;111,2;88,3;1294;80,7;113;206
3253;"NF1";"SACHET";3;60;55,5;59,4;56,1;65,1;1098;60,2;102;152
3253;"NF1";"SACHET";4;41,4;31,3;51,3;32,1;38,2;728;40,5333333333333;93;141
3253;"NF1";"SACHET";5;35,2;26,2;55;51,6;41,5;586;49,3666666666667;91;115
3253;"NF1";"SACHET";6;42;34,5;48,2;38,5;33,4;991;40,0333333333333;102;144
3253;"NF2";"SACHET";3;63,6;58,2;84,5;69,3;48,8;950;67,5333333333333;101;155
3253;"NF2";"SACHET";6;36;27,3;55,2;40,9;30,1;648;42,0666666666667;90;122
3271;"GM";"CAGE";1;43,6;35,1;38,6;42,2;39,8;969;40,2;144;129
3271;"GM";"CAGE";2;54;47,5;34,4;32,6;41,9;1316;36,3;126;138
3271;"GM";"CAGE";3;66,8;59,9;46,7;39,8;39,1;1521;41,8666666666667;119;160
3271;"GM";"SACHET";1;66,6;60,1;70,6;54,6;51,1;1305;58,7666666666667;126;197
3271;"GM";"SACHET";2;139,9;128;40,9;54,7;70,2;2285;55,2666666666667;113;248
3271;"GM";"SACHET";3;100,5;90,6;69,4;72,5;44,1;1761;62;97;215
3271;"GM";"SACHET";4;51,2;44,1;50,9;35,1;48,4;1031;44,8;129;137
3271;"GM";"SACHET";5;76,7;68,6;21,3;32,4;47,1;1696;33,6;122;177
3271;"GM";"SACHET";6;122,3;111,7;55,3;66,3;33,7;2137;51,7666666666667;119;265
3271;"PM";"CAGE";1;47,5;40;30,4;59;42,5;996;43,9666666666667;139;115
3271;"PM";"CAGE";2;86,4;76,7;58,2;55,4;46,3;1463;53,3;138;199
3271;"PM";"CAGE";3;38,2;32,7;43,1;43,4;31,8;1054;39,4333333333333;130;98
3271;"PM";"SACHET";1;62,2;55,7;62,7;53,1;57,7;1356;57,8333333333333;119;132
3271;"PM";"SACHET";2;97,8;89,9;53,7;63,6;53,6;1784;56,9666666666667;132;203
3271;"PM";"SACHET";3;57,5;50,1;33,1;50,7;40,2;1274;41,3333333333333;133;182
3271;"PM";"SACHET";4;54,2;47,8;47,2;49,5;58;1137;51,5666666666667;129;171
3271;"PM";"SACHET";5;60,2;54,2;34,2;34,8;36,9;1360;35,3;135;208
3271;"PM";"SACHET";6;72,4;64;49,9;32,3;40,8;1383;41;136;212
3271;"PM + Abeille";"CAGE";1;14,3;11,7;46,7;53,2;45,7;240;48,5333333333333;131;90
3271;"PM + Abeille";"CAGE";2;69,1;60;65,6;78,8;63,7;1183;69,3666666666667;126;150
3271;"PM + Abeille";"CAGE";3;89,6;80,4;56,2;55,9;53;1601;55,0333333333333;127;180
3271;"PM + Pollen";"SACHET";3;57,3;47;41,1;39,6;44,4;1107;41,7;136;168
3271;"PM + Pollen";"SACHET";6;68,4;58,6;53,4;41,2;37,6;1392;44,0666666666667;105;142
3271;"NF";"CAGE";1;120,1;108,3;42,2;40,7;37,7;2519;40,2;117;178
3271;"NF";"CAGE";2;110;97,3;21,1;56,8;50,8;2049;42,9;115;185
3271;"NF";"CAGE";3;122,9;112,1;70,1;61,1;57,1;2190;62,7666666666667;117;200
3271;"NF1";"SACHET";1;65,6;59,6;61;57;47,3;1447;55,1;125;198
3271;"NF1";"SACHET";2;87,8;79,5;66,5;40,3;36,5;1837;47,7666666666667;140;220
3271;"NF1";"SACHET";3;63,2;57,3;28;40,4;53,5;1447;40,6333333333333;139;145
3271;"NF1";"SACHET";4;51,4;45,4;33,7;51,2;47,2;1121;44,0333333333333;132;168
3271;"NF1";"SACHET";5;101,8;90;65,6;54,2;46,9;1880;55,5666666666667;112;209
3271;"NF1";"SACHET";6;146,4;127,2;51,3;34,9;69;2494;51,7333333333333;109;245
3271;"NF2";"SACHET";1;79,6;70,2;51;35,5;31,9;1937;39,4666666666667;134;207
3271;"NF2";"SACHET";3;98,2;85,2;32,2;43,6;41,1;1959;38,9666666666667;137;228
3271;"NF2";"SACHET";6;81,5;70,8;58,6;30,1;26;1956;38,2333333333333;126;243
4151;"MICRO";"MICRO";1;37,5;33,7;43,5;40,8;34;962;39,4333333333333;NA;NA
4566;"GM";"CAGE";1;60;57,9;54,9;64,6;63,8;1116;61,1;117;156
4566;"GM";"CAGE";2;47,9;43,4;28,3;44,4;47,9;1080;40,2;97;138
4566;"GM";"CAGE";3;108,2;96,3;71,8;60,7;52,9;1563;61,8;101;235
4566;"GM";"SACHET";1;60,9;56,9;63,9;56,2;51,5;1068;57,2;98;140
4566;"GM";"SACHET";2;74,1;65,4;47,5;75,2;71,2;963;64,6333333333333;102;205
4566;"GM";"SACHET";3;43,9;36,8;47,4;30,3;31,5;980;36,4;101;143
4566;"GM";"SACHET";4;69,2;64,8;68,1;63,2;49,6;1194;60,3;103;190
4566;"GM";"SACHET";5;72,1;67,4;54,1;39,1;62,6;1223;51,9333333333333;104;178
4566;"GM";"SACHET";6;36,2;32,3;24,7;54,7;53,1;726;44,1666666666667;82;122
4566;"PM";"CAGE";1;41,2;36,3;50,3;30,8;22;926;34,3666666666667;102;130
4566;"PM";"CAGE";2;38,2;32,3;42,7;46;42,9;718;43,8666666666667;105;106
4566;"PM";"CAGE";3;45;40,3;42,5;45,2;50,1;921;45,9333333333333;102;146
4566;"PM";"SACHET";1;46,9;27,7;54,9;27,2;60,8;638;47,6333333333333;86;176
4566;"PM";"SACHET";2;83,6;76,9;62,8;52,4;34;1286;49,7333333333333;100;177
4566;"PM";"SACHET";3;39,9;36;47,5;44,5;34,2;856;42,0666666666667;92;139
4566;"PM";"SACHET";4;49,4;45,9;61,6;40,2;50,3;895;50,7;98;142
4566;"PM";"SACHET";5;80,2;74,4;61,2;56,1;67,3;1451;61,5333333333333;99;210
4566;"PM";"SACHET";6;72,2;65,9;41,5;62,2;62,9;1197;55,5333333333333;84;169
4566;"PM + Abeille";"CAGE";1;49,8;42,6;38,3;59,4;45,3;942;47,6666666666667;102;146
4566;"PM + Abeille";"CAGE";2;84,5;78,5;66,3;66,7;71,4;1203;68,1333333333333;107;194
4566;"PM + Abeille";"CAGE";3;59,5;52,8;49,3;54,9;50,9;1101;51,7;101;138
4566;"PM + Pollen";"SACHET";3;19,1;13,3;33;35,9;30,9;431;33,2666666666667;103;97
4566;"PM + Pollen";"SACHET";6;43,6;38,9;47,1;46,6;53,5;968;49,0666666666667;89;127
4566;"NF";"CAGE";1;95,9;90,7;51,1;50,6;62,8;1793;54,8333333333333;101;175
4566;"NF";"CAGE";2;54,5;45,1;34,4;30,7;30,3;1273;31,8;99;170
4566;"NF";"CAGE";3;32,2;24,6;38,3;42,5;30,8;736;37,2;99;125
4566;"NF1";"SACHET";1;72,8;66,4;56,1;60,2;59,8;1326;58,7;91;155
4566;"NF1";"SACHET";2;76,3;68,1;29,9;39,6;50,3;1494;39,9333333333333;102;194
4566;"NF1";"SACHET";3;40;34,4;38,6;37,1;37,7;964;37,8;98;148
4566;"NF1";"SACHET";4;104,3;98,7;82,2;81,3;72,1;1396;78,5333333333333;110;221
4566;"NF1";"SACHET";5;104;94,2;57,7;58,4;34,1;1613;50,0666666666667;106;220
4566;"NF1";"SACHET";6;40,2;32,2;37,4;50,4;39,5;834;42,4333333333333;84;137
4566;"NF2";"SACHET";1;33,5;28,2;46,5;44,2;41,6;739;44,1;91;109
4566;"NF2";"SACHET";3;56,6;53,8;41,5;45,8;44,7;1130;44;85;160
4566;"NF2";"SACHET";6;22;17,6;39,8;41,2;28,4;488;36,4666666666667;80;75
5287;"";"MICRO";1;51,6;46,2;43,4;45,5;50,5;1280;46,4666666666667;NA;NA
5572;"GM";"CAGE";1;49,2;43,1;49,9;49,6;63,2;890;54,2333333333333;124;160
5572;"GM";"CAGE";2;51,8;46,3;59,6;59,5;32,8;820;50,6333333333333;121;149
5572;"GM";"CAGE";3;80,2;70,7;160;93,3;92,6;938;115,3;123;185
5572;"GM";"SACHET";1;72;61;68,1;72,8;69,3;1084;70,0666666666667;137;178
5572;"GM";"SACHET";2;122,1;107,8;105,1;90,5;96,9;1276;97,5;130;230
5572;"GM";"SACHET";3;109,4;102,1;101,6;91,2;80,4;1310;91,0666666666667;128;214
5572;"GM";"SACHET";4;87,8;80,1;86,3;98,7;90,8;1000;91,9333333333333;100;188
5572;"GM";"SACHET";5;76,5;69;94,8;63,2;91,4;1025;83,1333333333333;140;180
5572;"GM";"SACHET";6;29,9;26,2;38,6;42,9;34,8;745;38,7666666666667;93;118
5572;"PM";"CAGE";1;86,9;79,8;63,9;72;62,8;1162;66,2333333333333;121;224
5572;"PM";"CAGE";2;58,3;49,3;95,3;79,6;92,5;665;89,1333333333333;111;176
5572;"PM";"CAGE";3;101,1;89,5;85,1;78,5;85,3;1226;82,9666666666667;127;223
5572;"PM";"SACHET";1;100,7;90,9;58,7;68;79,5;1430;68,7333333333333;138;205
5572;"PM";"SACHET";2;133,1;114,9;91;90,2;86,6;1691;89,2666666666667;121;237
5572;"PM";"SACHET";3;75,6;68,6;61,9;71,9;68,7;1172;67,5;128;177
5572;"PM";"SACHET";4;48,5;43,8;43,8;62,1;59,3;873;55,0666666666667;105;145
5572;"PM";"SACHET";5;68,5;61,6;44,5;78,6;85,6;972;69,5666666666667;119;153
5572;"PM";"SACHET";6;67,1;60,6;62,1;47,8;55,8;1066;55,2333333333333;98;157
5572;"PM + Abeille";"CAGE";1;98,7;91,7;78,5;60,5;77,7;1396;72,2333333333333;139;225
5572;"PM + Abeille";"CAGE";2;90,3;83,6;85,2;80,1;76,8;1248;80,7;137;195
5572;"PM + Abeille";"CAGE";3;89,4;77,8;93,5;93,2;84;1112;90,2333333333333;145;226
5572;"PM + Pollen";"SACHET";3;100,8;93,7;82,2;80,8;77,2;1336;80,0666666666667;133;201
5572;"PM + Pollen";"SACHET";6;21,4;16,8;39,6;43,2;39,6;624;40,8;84;110
5572;"NF";"CAGE";1;60,5;53,4;70,9;57;75,4;959;67,7666666666667;108;145
5572;"NF";"CAGE";2;99,2;91,2;88,8;68,6;82,1;1413;79,8333333333333;128;201
5572;"NF";"CAGE";3;67,5;61,1;41,6;77,8;64,4;1158;61,2666666666667;125;179
5572;"NF1";"SACHET";1;148,9;139,7;57,6;104,7;92,4;1675;84,9;148;250
5572;"NF1";"SACHET";2;906;84,1;63,6;51,4;77,5;1327;64,1666666666667;126;180
5572;"NF1";"SACHET";3;100,3;92,2;57,2;76,1;57,2;1468;63,5;128;200
5572;"NF1";"SACHET";4;57,3;52,2;43,6;59,1;37,5;1069;46,7333333333333;107;150
5572;"NF1";"SACHET";5;69,9;63,9;70,2;77,7;90,1;986;79,3333333333333;102;168
5572;"NF1";"SACHET";6;45,8;40,7;55;54,7;46,3;954;52;90;135
5572;"NF2";"SACHET";1;142,5;124,4;93;89,9;88,9;1836;90,6;144;237
5572;"NF2";"SACHET";3;141,3;128,3;76,1;86,5;73,6;1848;78,7333333333333;123;242
5572;"NF2";"SACHET";6;71,1;65,3;77,7;45,6;56,4;1123;59,9;95;165
5595;"GM";"CAGE";1;49,2;44,8;61,8;47,2;40,9;979;49,9666666666667;114;143
5595;"GM";"CAGE";2;80,1;74,5;83,3;57,9;58,9;1497;66,7;109;207
5595;"GM";"CAGE";3;35,5;30,3;31,6;28,7;20,5;754;26,9333333333333;111;127
5595;"GM";"SACHET";1;30,4;24,2;31;45,8;33,1;634;36,6333333333333;92;125
5595;"GM";"SACHET";2;75,9;67,7;74,1;90,1;79,6;909;81,2666666666667;101;190
5595;"GM";"SACHET";3;67;56,6;79,6;75,2;65,3;827;73,3666666666667;104;175
5595;"GM";"SACHET";4;65,3;60,5;69,5;50,6;62,6;1021;60,9;100;172
5595;"GM";"SACHET";5;61,7;56,2;68,8;67,7;80,5;867;72,3333333333333;99;155
5595;"GM";"SACHET";6;72,6;62,6;71,8;65,3;72,6;938;69,9;108;172
5595;"PM";"CAGE";1;31,5;24,8;41,5;37,9;30,6;656;36,6666666666667;100;118
5595;"PM";"CAGE";2;60,3;53,9;76,5;61,4;57;842;64,9666666666667;101;168
5595;"PM";"CAGE";3;60,2;52,3;80,6;79,9;79,5;707;80;102;174
5595;"PM";"SACHET";1;38;30;39,9;38,9;46,1;729;41,6333333333333;98;181
5595;"PM";"SACHET";2;63,3;53,7;82,4;87;49;732;72,8;94;180
5595;"PM";"SACHET";3;43,4;37,5;86,7;78,3;80,5;467;81,8333333333333;86;86
5595;"PM";"SACHET";4;78;73,3;66,5;69,7;70,3;1210;68,8333333333333;112;180
5595;"PM";"SACHET";5;67,3;59;43,6;62,7;60,6;1066;55,6333333333333;101;155
5595;"PM";"SACHET";6;77,4;72;82,3;67;64,5;1144;71,2666666666667;124;170
5595;"PM + Abeille";"CAGE";1;49,1;41,9;58,8;64,4;59,9;857;61,0333333333333;119;167
5595;"PM + Abeille";"CAGE";2;37,2;23,3;92,7;80;94,5;308;89,0666666666667;116;255
5595;"PM + Abeille";"CAGE";3;66,6;59,9;54,3;56,9;56,9;1035;56,0333333333333;99;177
5595;"PM + Pollen";"SACHET";3;91;82,8;73,2;79,2;61,9;1197;71,4333333333333;103;152
5595;"PM + Pollen";"SACHET";6;30,1;25,3;28,3;41,7;47,8;619;39,2666666666667;113;112
5595;"NF";"CAGE";1;65,9;61,9;69,2;70,3;65,2;1118;68,2333333333333;92;168
5595;"NF";"CAGE";2;70,9;65,6;38,5;41,4;34,1;1355;38;100;173
5595;"NF";"CAGE";3;76,2;69,4;72,1;73,2;69,1;1110;71,4666666666667;101;185
5595;"NF1";"SACHET";1;63,1;55,6;90,2;80,6;81,4;702;84,0666666666667;100;195
5595;"NF1";"SACHET";2;54,8;48,7;47,5;60,8;55,2;1059;54,5;96;170
5595;"NF1";"SACHET";3;84,7;78;60,4;50,6;57,4;1185;56,1333333333333;101;201
5595;"NF1";"SACHET";4;66,2;63,2;72,1;58;62,3;1090;64,1333333333333;96;165
5595;"NF1";"SACHET";5;59,4;55,1;46,5;45,1;53,3;1174;48,3;102;164
5595;"NF1";"SACHET";6;64,7;60,7;50,4;55,1;45,8;1199;50,4333333333333;110;165
5595;"NF2";"SACHET";1;61,2;57,1;62,2;55,4;53,7;1153;57,1;99;144
5595;"NF2";"SACHET";3;42,6;36,8;49;29;49,1;886;42,3666666666667;88;141
5595;"NF2";"SACHET";6;81,6;77,1;69,5;76,1;66,2;1185;70,6;108;182
5867;"GM";"CAGE";1;49,2;39,1;51,2;42,5;35,6;484;43,1;104;156
5867;"GM";"CAGE";2;29,3;24,1;57,9;43,5;50,2;604;50,5333333333333;102;125
5867;"GM";"CAGE";3;24,9;22,2;50,5;51,1;40,3;609;47,3;99;117
5867;"GM";"SACHET";1;19,8;14,2;41,8;35,7;42,3;475;39,9333333333333;124;95
5867;"GM";"SACHET";2;83,5;78,3;63,3;52,2;81,6;1397;65,7;130;170
5867;"GM";"SACHET";3;46,2;41,6;65,3;50,8;53,3;940;56,4666666666667;126;135
5867;"GM";"SACHET";4;54;49,3;59,9;62,8;57;1126;59,9;108;160
5867;"GM";"SACHET";5;46,8;37,7;41,9;45;37,9;992;41,6;113;151
5867;"GM";"SACHET";6;34,9;27;44,2;50,3;52,5;671;49;101;120
5867;"PM";"CAGE";1;19,3;17,2;43,7;42,3;44,1;415;43,3666666666667;99;105
5867;"PM";"CAGE";2;29,4;22,4;48;42,1;49;580;46,3666666666667;105;114
5867;"PM";"CAGE";3;50,8;40,7;57,5;43,7;48,1;784;49,7666666666667;106;146
5867;"PM";"SACHET";1;4,3;0,2;16,2;13,1;16,4;9;15,2333333333333;119;51
5867;"PM";"SACHET";2;72,8;68,4;64,3;65;73,4;1316;67,5666666666667;142;162
5867;"PM";"SACHET";3;40,5;34,5;56,5;58,6;47,3;764;54,1333333333333;127;125
5867;"PM";"SACHET";4;46,8;42,1;76,2;46;57,6;885;59,9333333333333;115;141
5867;"PM";"SACHET";5;31,2;21,6;23,6;49,8;44,3;614;39,2333333333333;115;114
5867;"PM";"SACHET";6;66,6;60,1;53,6;68,5;70,1;1194;64,0666666666667;110;156
5867;"PM + Abeille";"CAGE";1;28,5;24,9;54,6;53,9;48,1;681;52,2;112;114
5867;"PM + Abeille";"CAGE";2;29,7;26,3;47,2;39,8;32,8;729;39,9333333333333;116;124
5867;"PM + Abeille";"CAGE";3;14;12,3;76,6;72,8;65,4;1364;71,6;103;90
5867;"PM + Pollen";"SACHET";3;46,4;41,7;59,9;51,9;72,2;900;61,3333333333333;126;136
5867;"PM + Pollen";"SACHET";6;35,7;31,4;57,8;54,4;35,7;740;49,3;107;124
5867;"NF";"CAGE";1;72,4;66,8;NA;NA;NA;NA;NA;119;163
5867;"NF";"CAGE";2;71,6;65,2;47,8;69,3;76,2;1063;64,4333333333333;129;164
5867;"NF";"CAGE";3;62,7;54,9;60,1;46,5;48,8;1084;51,8;121;162
5867;"NF1";"SACHET";1;35,6;31,9;39,8;37,5;35;978;37,4333333333333;133;134
5867;"NF1";"SACHET";2;51,1;46,7;63,7;55,7;36,8;1087;52,0666666666667;126;146
5867;"NF1";"SACHET";3;85,6;79,7;81,6;70,6;49,7;1373;67,3;123;175
5867;"NF1";"SACHET";4;59,3;54,7;62,5;63;47;1020;57,5;117;158
5867;"NF1";"SACHET";5;45,6;36,4;31,9;27,4;27,7;979;29;114;141
5867;"NF1";"SACHET";6;37,1;32,9;34,1;37;57,7;751;42,9333333333333;104;135
5867;"NF2";"SACHET";1;22,5;17,7;NA;NA;NA;NA;NA;117;100
5867;"NF2";"SACHET";3;74,6;69,4;71,2;69,7;55,7;1313;65,5333333333333;128;174
5867;"NF2";"SACHET";6;24,7;20,4;43,8;44,7;42,2;539;43,5666666666667;100;109
6223;"GM";"CAGE";1;20,9;18,3;39,5;40,9;41;593;40,4666666666667;151;93
6223;"GM";"CAGE";2;36,2;31,2;50;36,6;41,5;635;42,7;163;136
6223;"GM";"CAGE";3;17,3;14,6;39,7;36,7;32;468;36,1333333333333;150;194
6223;"GM";"SACHET";1;37,4;32,8;54,3;40,4;31,7;840;42,1333333333333;139;142
6223;"GM";"SACHET";2;38,5;31,8;52,3;56,9;70,6;751;59,9333333333333;148;129
6223;"GM";"SACHET";3;47,5;42,4;56,7;55;54,1;1064;55,2666666666667;134;148
6223;"GM";"SACHET";4;17,4;14,3;38,2;23,6;38,3;469;33,3666666666667;131;94
6223;"GM";"SACHET";5;47,3;40,2;50,5;40,5;54,5;946;48,5;143;155
6223;"GM";"SACHET";6;31,9;26,7;34,9;51,2;49,5;713;45,2;153;128
6223;"PM";"CAGE";1;28,8;24,6;46,9;41,4;34,5;611;40,9333333333333;157;122
6223;"PM";"CAGE";2;57,2;52,9;65,6;74,6;78,5;885;72,9;158;159
6223;"PM";"CAGE";3;53,1;44,3;30,1;64,8;52,4;680;49,1;160;161
6223;"PM";"SACHET";1;47,3;42,2;43;61,1;54,1;849;52,7333333333333;154;150
6223;"PM";"SACHET";2;18,8;16,6;40,2;48,7;39,9;447;42,9333333333333;138;90
6223;"PM";"SACHET";3;29;26,1;47;49,2;39,6;570;45,2666666666667;123;111
6223;"PM";"SACHET";4;46,3;41,2;58,3;60,8;43,1;909;54,0666666666667;134;164
6223;"PM";"SACHET";5;54,2;49,7;55,2;69;61,5;908;61,9;148;158
6223;"PM";"SACHET";6;55,9;50,7;63,8;63;59,2;1008;62;158;170
6223;"PM + Abeille";"CAGE";1;39,2;33,4;57,4;34,6;41,4;819;44,4666666666667;168;173
6223;"PM + Abeille";"CAGE";2;24,7;21,8;51,9;47,3;49,5;582;49,5666666666667;170;109
6223;"PM + Abeille";"CAGE";3;54,2;50;68,3;49,9;38,5;1112;52,2333333333333;166;172
6223;"PM + Pollen";"SACHET";3;21,3;18;44,2;39,5;32,6;528;38,7666666666667;129;100
6223;"PM + Pollen";"SACHET";6;44,8;38,8;69,5;48,8;49,2;768;55,8333333333333;150;140
6223;"NF";"CAGE";1;68,3;62,2;43,9;60;42,3;1239;48,7333333333333;159;185
6223;"NF";"CAGE";2;22,4;19,1;50;40,7;47,1;533;45,9333333333333;151;104
6223;"NF";"CAGE";3;19,5;16,6;33,2;32,3;36,8;611;34,1;144;100
6223;"NF1";"SACHET";1;48,8;43,7;35,7;52,1;56,1;847;47,9666666666667;122;152
6223;"NF1";"SACHET";2;57,2;52,8;61,9;57;38,4;1236;52,4333333333333;155;160
6223;"NF1";"SACHET";3;46,7;42,4;57,7;50,7;63,6;912;57,3333333333333;140;154
6223;"NF1";"SACHET";4;49,8;42,3;46,3;54;42,8;922;47,7;138;152
6223;"NF1";"SACHET";5;37,2;33,2;49,7;44,3;56,9;828;50,3;135;129
6223;"NF1";"SACHET";6;45,9;36,8;44,6;46,7;50,5;929;47,2666666666667;154;142
6223;"NF2";"SACHET";1;50,2;44,9;74,2;69,8;60,1;919;68,0333333333333;137;145
6223;"NF2";"SACHET";3;34,6;30,5;52,1;46,4;49,1;921;49,2;132;127
6223;"NF2";"SACHET";6;76,7;67,7;63,5;74,7;57,2;1711;65,1333333333333;136;190
7029;"GM";"CAGE";1;102,7;95,5;84,9;91,1;105,6;1021;93,8666666666667;129;203
7029;"GM";"CAGE";2;110;102,3;76,8;74,6;63,4;1728;71,6;144;215
7029;"GM";"CAGE";3;89,3;81,4;76,2;66;59,8;1459;67,3333333333333;138;195
7029;"GM";"SACHET";1;55,7;40,8;47,8;33,3;48;1009;43,0333333333333;145;154
7029;"GM";"SACHET";2;84,4;77,6;65,6;52;37,8;1439;51,8;170;195
7029;"GM";"SACHET";3;115,4;106,6;54,2;46,1;61,9;1931;54,0666666666667;155;213
7029;"GM";"SACHET";4;110,3;102,5;65;63,7;54,9;1574;61,2;140;229
7029;"GM";"SACHET";5;46,1;41,6;46,3;49,7;53,3;981;49,7666666666667;150;134
7029;"GM";"SACHET";6;69,9;63,9;52,3;53;55,2;1397;53,5;142;180
7029;"PM";"CAGE";1;115;105,5;97,7;92,7;92,8;1322;94,4;143;215
7029;"PM";"CAGE";2;118,5;111,6;70,3;73,3;80,1;1654;74,5666666666667;142;223
7029;"PM";"CAGE";3;83,5;76,5;66,6;80,6;91,7;1047;79,6333333333333;127;173
7029;"PM";"SACHET";1;48,8;44,2;58;38,6;31,5;1051;42,7;142;148
7029;"PM";"SACHET";2;97;91;65,2;62,3;50,8;1686;59,4333333333333;172;200
7029;"PM";"SACHET";3;52,3;42,8;55,7;30,6;44,8;890;43,7;141;154
7029;"PM";"SACHET";4;83,4;77,6;62,4;70,5;52,9;1415;61,9333333333333;146;188
7029;"PM";"SACHET";5;68,8;63,3;46,8;57,7;48,7;1389;51,0666666666667;134;173
7029;"PM";"SACHET";6;114,2;107,7;61,7;64,5;68,4;1920;64,8666666666667;148;234
7029;"PM + Abeille";"CAGE";1;88,7;82,3;70,6;50,6;61,1;1384;60,7666666666667;146;203
7029;"PM + Abeille";"CAGE";2;39,7;35,5;47,1;34,5;55,4;751;45,6666666666667;140;128
7029;"PM + Abeille";"CAGE";3;106,4;99,3;62,7;68,2;70,3;1620;67,0666666666667;150;220
7029;"PM + Pollen";"SACHET";3;94;87,3;44,3;71,4;53,6;1580;56,4333333333333;150;196
7029;"PM + Pollen";"SACHET";6;54,5;48,7;59,5;45,5;55,3;1124;53,4333333333333;155;148
7029;"NF";"CAGE";1;88,9;82,3;63,3;60,8;32,9;1520;52,3333333333333;145;173
7029;"NF";"CAGE";2;78,6;71,7;55,6;65,2;54,9;1504;58,5666666666667;136;170
7029;"NF";"CAGE";3;84;77,7;62,6;74,3;64,5;1551;67,1333333333333;138;190
7029;"NF1";"SACHET";1;50,5;45,7;52,9;46,6;45,9;1040;48,4666666666667;138;152
7029;"NF1";"SACHET";2;62,4;52,7;40,4;69,8;67,1;951;59,1;145;166
7029;"NF1";"SACHET";2;33,8;28,9;40,8;45,4;45;786;43,7333333333333;145;166
7029;"NF1";"SACHET";3;45,9;36,5;42,3;40,1;38,2;749;40,2;141;141
7029;"NF1";"SACHET";4;116,7;109,4;87,1;75,1;80,2;1600;80,8;143;221
7029;"NF1";"SACHET";5;82,1;76,3;48,3;49,5;40,4;1587;46,0666666666667;131;180
7029;"NF1";"SACHET";6;40,4;35,5;40,2;25,6;42,1;1029;35,9666666666667;148;132
7029;"NF2";"SACHET";3;49,5;44;44;40,6;38,2;1078;40,9333333333333;152;132
7029;"NF2";"SACHET";6;82,1;76,3;51,7;57,2;60,6;1602;56,5;148;192
7413;"GM";"CAGE";1;58;51,4;46,37;41,45;45,35;1155;44,39;133;170
7413;"GM";"CAGE";2;49,2;42,8;40,79;48,03;42,3;1115;43,7066666666667;127;160
7413;"GM";"CAGE";3;45,5;42,7;45,91;42,77;43,99;997;44,2233333333333;146;140
7413;"GM";"SACHET";1;41,5;33,5;54,84;64,22;61,98;644;60,3466666666667;102;145
7413;"GM";"SACHET";2;11,1;7,9;35,25;33,46;32,61;149;33,7733333333333;138;174
7413;"GM";"SACHET";3;21,7;9,3;32,66;34,99;31,54;206;33,0633333333333;133;125
7413;"GM";"SACHET";4;57;47,2;49,35;46,53;37,76;1079;44,5466666666667;124;178
7413;"GM";"SACHET";5;60,7;57;55,72;51,83;55,36;1187;54,3033333333333;124;178
7413;"GM";"SACHET";6;44,6;33,4;46,79;43,66;41,47;864;43,9733333333333;142;157
7413;"PM";"CAGE";1;59,2;51,2;48,16;53,92;47,58;1086;49,8866666666667;133;180
7413;"PM";"CAGE";2;34,6;29,7;55,88;52,1;48,22;604;52,0666666666667;130;130
7413;"PM";"CAGE";3;57,4;53,1;52,12;55,8;48,61;1174;52,1766666666667;126;180
7413;"PM";"SACHET";1;46,8;36,2;42,19;51,56;31,12;878;41,6233333333333;135;147
7413;"PM";"SACHET";2;39;26,1;39,62;46,26;45,56;618;43,8133333333333;137;140
7413;"PM";"SACHET";3;31,5;25,8;30,76;39,27;31,78;697;33,9366666666667;129;119
7413;"PM";"SACHET";4;98,2;88,7;67,19;64,7;72,84;1430;68,2433333333333;117;218
7413;"PM";"SACHET";5;57,2;46,5;40,8;47,89;41,92;1134;43,5366666666667;120;202
7413;"PM";"SACHET";6;34,1;28,3;40,77;38,97;40,82;698;40,1866666666667;143;140
7413;"PM + Abeille";"CAGE";1;32,5;17,9;35,48;42,55;31,45;446;36,4933333333333;138;130
7413;"PM + Abeille";"CAGE";2;28,9;18,5;37,59;28,73;39,7;499;35,34;128;140
7413;"PM + Abeille";"CAGE";3;47;34,4;50,66;45,77;53,92;813;50,1166666666667;138;150
7413;"PM + Pollen";"SACHET";3;31;22,1;37,14;34,41;38,62;714;36,7233333333333;133;104
7413;"PM + Pollen";"SACHET";6;47,9;38,9;46,51;37,47;54,28;997;46,0866666666667;139;161
7413;"NF";"CAGE";1;33,2;22,2;36,64;37,23;37,28;669;37,05;126;150
7413;"NF";"CAGE";2;30,5;24,1;36,94;36,86;36,72;680;36,84;144;140
7413;"NF";"CAGE";3;55,1;48,1;45,54;45,57;46,92;1117;46,01;132;180
7413;"NF1";"SACHET";1;48,4;39;38,59;46,47;43,78;1060;42,9466666666667;139;141
7413;"NF1";"SACHET";2;47,7;37,3;52,09;44,56;40,41;878;45,6866666666667;146;151
7413;"NF1";"SACHET";3;39,1;22,7;38,64;37,92;39,11;637;38,5566666666667;133;139
7413;"NF1";"SACHET";4;78,3;72,2;68,69;37,34;55,46;1468;53,83;120;215
7413;"NF1";"SACHET";5;40,3;28,4;38,75;42,01;35,75;782;38,8366666666667;120;215
7413;"NF1";"SACHET";6;52,6;39,3;48,41;34,4;47,9;924;43,57;145;174
7413;"NF2";"SACHET";1;47,8;39;47,48;53,88;40,59;943;47,3166666666667;137;181
7413;"NF2";"SACHET";3;55,2;49,6;38,36;40,8;32,83;1409;37,33;134;170
7413;"NF2";"SACHET";6;42,2;21,8;43,43;40,66;34,48;594;39,5233333333333;136;164
7507;"GM";"CAGE";1;63,5;40,4;94,5;97,8;94,3;461;95,5333333333333;154;300
7507;"GM";"CAGE";2;45,2;11,6;99,5;95,2;92,4;161;95,7;131;256
7507;"GM";"CAGE";3;48,3;32;101,3;103,8;91,6;386;98,9;145;242
7507;"GM";"SACHET";1;39,3;5,8;144,8;45;102,6;66;97,4666666666667;151;245
7507;"GM";"SACHET";2;61,9;38,4;93,7;103,9;87,7;452;95,1;152;300
7507;"GM";"SACHET";3;38;15,8;78,1;78,1;70,4;229;75,5333333333333;131;218
7507;"GM";"SACHET";4;88,9;82,7;79,9;79,9;75,8;1073;78,5333333333333;126;216
7507;"GM";"SACHET";5;43,5;34,4;59,6;61,4;68;518;63;136;189
7507;"GM";"SACHET";6;69;60,4;84,9;85,9;60,2;776;77;149;210
7507;"PM";"CAGE";1;39,4;22,2;89,6;51,8;86,4;280;75,9333333333333;133;230
7507;"PM";"CAGE";2;46,8;18,3;90,8;65,3;82,4;216;79,5;140;272
7507;"PM";"CAGE";3;32,4;22,7;39,4;88,9;87,4;285;71,9;144;186
7507;"PM";"SACHET";1;51,7;39,3;97,2;97,6;81,9;471;92,2333333333333;134;210
7507;"PM";"SACHET";2;128,9;117,3;88,6;88,5;89,3;1590;88,8;131;218
7507;"PM";"SACHET";3;40,1;23,1;93,6;97,8;89,5;303;93,6333333333333;155;250
7507;"PM";"SACHET";4;41;154,7;115;96,5;78,7;174;96,7333333333333;134;261
7507;"PM";"SACHET";5;35,6;17;85,1;98,8;87,4;226;90,4333333333333;134;215
7507;"PM";"SACHET";6;54,1;48,9;75,6;65,8;75,9;668;72,4333333333333;159;175
7507;"PM + Abeille";"CAGE";1;34,2;20,4;83,2;93,7;76,5;272;84,4666666666667;166;180
7507;"PM + Abeille";"CAGE";2;76,8;64,8;86;92;76,8;784;84,9333333333333;154;255
7507;"PM + Abeille";"CAGE";3;47,1;24,7;90,8;42,3;86,3;317;73,1333333333333;159;293
7507;"PM + Pollen";"SACHET";3;65,8;55,3;78,7;91,3;80,3;699;83,4333333333333;162;230
7507;"PM + Pollen";"SACHET";6;48,2;35,3;89,5;70,1;85,3;481;81,6333333333333;155;208
7507;"NF";"CAGE";1;142,5;128,6;58,1;82,5;93,4;1525;78;151;325
7507;"NF";"CAGE";2;88,9;82,9;79,1;64,1;74,1;1065;72,4333333333333;151;208
7507;"NF";"CAGE";3;153,4;140,7;88,5;89,2;88,3;1594;88,6666666666667;123;313
7507;"NF1";"SACHET";1;124,3;114,6;104,6;103,2;94;1242;100,6;133;264
7507;"NF1";"SACHET";2;110,2;103,5;78,3;63,8;80,1;1315;74,0666666666667;165;222
7507;"NF1";"SACHET";3;136,1;123,5;81,3;93,8;97,5;1406;90,8666666666667;127;290
7507;"NF1";"SACHET";4;107,5;100,8;90,9;70,3;93,9;1218;85,0333333333333;146;223
7507;"NF1";"SACHET";5;106,9;99,9;93,6;91,7;90,2;1206;91,8333333333333;133;242
7507;"NF1";"SACHET";6;63;58,5;70,4;63,9;62;941;65,4333333333333;154;163
7507;"NF2";"SACHET";1;112;98,3;87,1;97,1;81,7;1163;88,6333333333333;156;308
7507;"NF2";"SACHET";3;110;101,9;83,7;85,6;88,6;1262;85,9666666666667;153;240
7507;"NF2";"SACHET";6;81,5;76,6;74,9;76,2;14,6;1088;55,2333333333333;150;194
7941;"MICRO";"MICRO";1;27,1;25,2;27,5;31,7;28,4;1042;29,2;NA;NA
7944;"MICRO";"MICRO";1;19,6;14,3;25,3;20,2;31,7;558;25,7333333333333;NA;NA
7951;"";"MICRO";1;64,4;57,2;51,5;31,1;40,4;1362;41;NA;NA
8690;"GM";"CAGE";1;21,1;7,9;32,1;26,5;36,9;266;31,8333333333333;83;124
8690;"GM";"CAGE";2;35,8;32,1;49,2;42,4;49,5;680;47,0333333333333;92;140
8690;"GM";"CAGE";3;12,9;9,7;29,5;23,7;29,1;364;27,4333333333333;76;81
8690;"GM";"SACHET";1;25,9;21,6;32,3;36,5;32,1;712;33,6333333333333;101;114
8690;"GM";"SACHET";2;23,8;21,4;42,6;31,9;43,3;594;39,2666666666667;94;107
8690;"GM";"SACHET";3;75,2;71,1;41;54,2;57,3;1431;50,8333333333333;115;190
8690;"GM";"SACHET";4;51,5;48,3;63,2;51,2;51,4;953;55,2666666666667;100;143
8690;"GM";"SACHET";5;32;27,1;17,5;27,8;34;937;26,4333333333333;117;127
8690;"GM";"SACHET";6;48,5;43,5;50,8;41,9;54,2;939;48,9666666666667;130;148
8690;"PM";"CAGE";1;56,9;49,5;56,2;54,6;44,7;966;51,8333333333333;101;168
8690;"PM";"CAGE";2;27,9;25,9;40;39,1;40,3;634;39,8;79;104
8690;"PM";"CAGE";3;36,3;33,6;47,9;44,1;53,1;702;48,3666666666667;91;127
8690;"PM";"SACHET";1;55,5;48,9;34,3;47,4;48,5;1225;43,4;110;156
8690;"PM";"SACHET";2;36,5;33,2;38,4;37,5;47,9;859;41,2666666666667;109;121
8690;"PM";"SACHET";3;33,2;30;50,9;49,9;39,2;699;46,6666666666667;105;121
8690;"PM";"SACHET";4;33,9;29,5;53,1;42,4;55,5;620;50,3333333333333;100;120
8690;"PM";"SACHET";5;71,8;68,3;48,2;36,6;48,9;1462;44,5666666666667;126;175
8690;"PM";"SACHET";6;44;39,3;51,4;50,5;43,5;895;48,4666666666667;116;141
8690;"PM + Abeille";"CAGE";1;46,6;43,3;59,2;54,9;47,6;812;53,9;105;145
8690;"PM + Abeille";"CAGE";2;13,6;8,9;32,4;31;40,1;281;34,5;81;83
8690;"PM + Abeille";"CAGE";3;39,5;32,6;50,2;45,8;39,9;804;45,3;93;126
8690;"PM + Pollen";"SACHET";3;33,2;29,8;41,5;28,8;43,6;775;37,9666666666667;106;127
8690;"PM + Pollen";"SACHET";6;43,3;39,8;47,1;50,2;50,3;1020;49,2;112;128
8690;"NF";"CAGE";1;33,6;31,2;55,1;50,7;37,8;746;47,8666666666667;90;118
8690;"NF";"CAGE";2;12,8;10,7;31,7;36,2;34,6;322;34,1666666666667;74;75
8690;"NF";"CAGE";3;6,1;4,6;39,7;23,3;28,8;163;30,6;84;63
8690;"NF1";"SACHET";1;43,2;39,1;25,1;31,4;30,8;1202;29,1;105;157
8690;"NF1";"SACHET";2;36,5;32,6;40,1;35,9;27,9;931;34,6333333333333;104;133
8690;"NF1";"SACHET";4;26,3;23,1;31,8;28,8;39;702;33,2;112;185
8690;"NF1";"SACHET";5;74,5;65,5;52,4;39,4;43,6;1731;45,1333333333333;123;184
8690;"NF1";"SACHET";6;37,1;33,3;50,6;41,7;41,6;904;44,6333333333333;114;121
8690;"NF2";"SACHET";1;23,3;20,2;42,9;39,5;40,7;554;41,0333333333333;100;106
8690;"NF2";"SACHET";3;60,3;56,6;47,3;49,8;50,3;1231;49,1333333333333;117;167
8690;"NF2";"SACHET";3;42,3;38,5;40,4;44,2;50,6;959;45,0666666666667;117;167
8690;"NF2";"SACHET";6;30,9;17,9;39,2;24,1;33,9;741;32,4;120;120
9523;"GM";"CAGE";1;68,8;62,5;55,2;98,2;108,2;834;87,2;106;172
9523;"GM";"CAGE";2;96,5;90,7;94,4;82,2;43,5;1153;73,3666666666667;113;205
9523;"GM";"CAGE";3;81,5;71,1;108,7;109;130,4;925;116,033333333333;124;190
9523;"GM";"SACHET";1;128,2;117,3;91,5;88,7;116,8;1442;99;139;242
9523;"GM";"SACHET";2;64,7;56,7;91,1;92,4;85,2;820;89,5666666666667;140;185
9523;"GM";"SACHET";3;99,3;89,5;91,8;104,9;74,7;1188;90,4666666666667;128;217
9523;"GM";"SACHET";5;40,2;36;42,5;61;60,2;852;54,5666666666667;113;149
9523;"GM";"SACHET";6;85,5;78,4;103,1;81,5;82,7;1072;89,1;114;206
9523;"PM";"CAGE";1;84,6;79,1;81;80,9;96,5;1091;86,1333333333333;124;180
9523;"PM";"CAGE";2;28;24,4;34,1;32;58,2;583;41,4333333333333;127;122
9523;"PM";"CAGE";3;82,9;76,2;106,7;100,8;99,6;981;102,366666666667;125;201
9523;"PM";"SACHET";1;105,9;99,7;111,9;81,4;73;1332;88,7666666666667;157;224
9523;"PM";"SACHET";2;98,9;89,9;91,8;102,9;87,4;1099;94,0333333333333;143;220
9523;"PM";"SACHET";3;87,9;76,5;110,5;117,3;119,5;1004;115,766666666667;128;222
9523;"PM";"SACHET";4;110,1;100;98,4;101,2;96,2;1217;98,6;124;234
9523;"PM";"SACHET";5;60,4;56,7;47;56,3;76,8;1081;60,0333333333333;119;180
9523;"PM";"SACHET";6;47,6;44,4;49,8;74,9;59,9;876;61,5333333333333;116;150
9523;"PM + Abeille";"CAGE";1;67,1;62,3;83;69,7;68,2;921;73,6333333333333;120;155
9523;"PM + Abeille";"CAGE";2;51,4;47,6;81,7;78,7;79,7;793;80,0333333333333;125;144
9523;"PM + Abeille";"CAGE";3;91,5;84,6;90,2;90;97,6;1108;92,6;128;194
9523;"PM + Pollen";"SACHET";3;106,3;91,6;125,5;96,7;120,7;1089;114,3;120;242
9523;"PM + Pollen";"SACHET";6;45,6;42,4;53,2;74,3;53,5;765;60,3333333333333;112;135
9523;"NF";"CAGE";1;98,7;85,8;103,6;103,5;108,6;1111;105,233333333333;119;190
9523;"NF";"CAGE";2;121,7;112,2;118,9;119,9;102,3;1116;113,7;115;242
9523;"NF";"CAGE";3;82,8;76,7;108,4;99,9;78,3;995;95,5333333333333;121;182
9523;"NF1";"SACHET";1;128,2;119,6;107,5;102,1;96,6;1440;102,066666666667;145;233
9523;"NF1";"SACHET";2;62,7;58;84,2;55,7;72,8;981;70,9;139;168
9523;"NF1";"SACHET";3;85,8;80,7;92,4;74,1;87,9;1162;84,8;139;202
9523;"NF1";"SACHET";4;71,9;66;84,5;79,5;61,2;962;75,0666666666667;110;176
9523;"NF1";"SACHET";5;52,8;45,6;45,4;45,4;44,5;1030;45,1;117;175
9523;"NF1";"SACHET";6;68,1;55,3;57,3;34,4;107,4;924;66,3666666666667;108;198
9523;"NF2";"SACHET";1;115,4;108,3;70,6;85,3;102;1339;85,9666666666667;141;232
9523;"NF2";"SACHET";3;85,6;80,2;94,5;78,5;81,1;1200;84,7;146;191
9523;"NF2";"SACHET";6;36,1;31,8;49,2;37,8;54,6;776;47,2;119;150
9546;"";"MICRO";1;100,3;91,3;77,7;100,4;94,1;1245;90,7333333333333;NA;NA
10106;"GM";"CAGE";1;148,1;127,7;82;92,8;78;2434;84,2666666666667;117;235
10106;"GM";"CAGE";2;105,3;96,1;49,7;74,8;49;1894;57,8333333333333;105;185
10106;"GM";"CAGE";3;28,7;23,1;39,2;43,1;37,5;652;39,9333333333333;99;109
10106;"GM";"SACHET";1;61,2;53,1;70,1;63,2;39,8;1169;57,7;118;186
10106;"GM";"SACHET";2;201,8;174,7;43;111;103,6;2976;85,8666666666667;114;282
10106;"GM";"SACHET";3;159,4;142,7;94,8;90,3;59,5;2196;81,5333333333333;130;242
10106;"GM";"SACHET";4;41,3;32,6;82,9;63,8;59,9;735;68,8666666666667;104;148
10106;"GM";"SACHET";5;34,2;27,4;45,3;37,3;32,8;788;38,4666666666667;110;133
10106;"GM";"SACHET";6;97,6;87,8;76,2;48,6;46,3;1554;57,0333333333333;127;200
10106;"PM";"CAGE";1;107,9;96,9;79,6;86,5;74,1;1681;80,0666666666667;100;198
10106;"PM";"CAGE";2;49,2;42,5;52,2;46,4;42,8;1050;47,1333333333333;97;143
10106;"PM";"CAGE";3;71,6;62,9;47,5;49,3;62;1458;52,9333333333333;115;165
10106;"PM";"SACHET";1;71,9;64,1;55,3;60,6;45,2;1487;53,7;128;198
10106;"PM";"SACHET";2;129,8;115,8;60,1;72,4;61,7;2114;64,7333333333333;122;249
10106;"PM";"SACHET";3;128,7;110,5;83,4;92,6;66,7;1882;80,9;100;224
10106;"PM";"SACHET";4;28,5;22,2;43;51,1;45,6;638;46,5666666666667;111;121
10106;"PM";"SACHET";5;33,2;27,1;31,5;57,3;46,9;791;45,2333333333333;113;129
10106;"PM";"SACHET";6;121,4;113,4;59,5;51,2;70,5;2100;60,4;112;225
10106;"PM + Abeille";"CAGE";1;89,3;81,1;86,3;54,3;52,6;1534;64,4;120;178
10106;"PM + Abeille";"CAGE";2;118,3;109,2;71,7;77,5;68,3;1838;72,5;129;211
10106;"PM + Abeille";"CAGE";3;97,6;85;74,2;65,6;44,4;1711;61,4;123;186
10106;"PM + Pollen";"SACHET";3;162,4;153,2;108,8;42,8;113,6;2220;88,4;112;276
10106;"PM + Pollen";"SACHET";6;91,4;81,4;66,7;86,3;81,8;1304;78,2666666666667;133;192
10106;"NF";"CAGE";1;88,3;78,3;63,4;50,8;42,5;1479;52,2333333333333;114;165
10106;"NF";"CAGE";2;137,6;127,4;86,7;80,1;81,2;1909;82,6666666666667;117;219
10106;"NF";"CAGE";3;31,1;24,8;71,9;42,3;51,2;908;55,1333333333333;96;120
10106;"NF1";"SACHET";1;135,1;125,7;73,5;60;74,2;1989;69,2333333333333;132;261
10106;"NF1";"SACHET";2;87;76,5;56,9;67,4;34,5;1890;52,9333333333333;134;186
10106;"NF1";"SACHET";3;118,9;104,9;92,8;88,7;103,8;1515;95,1;108;214
10106;"NF1";"SACHET";4;44,7;38,7;26,8;37,3;38,3;1124;34,1333333333333;103;154
10106;"NF1";"SACHET";5;46,2;39;45,3;32,9;34,7;1039;37,6333333333333;119;144
10106;"NF1";"SACHET";6;67,1;54,3;32,2;60,2;19,6;1415;37,3333333333333;118;177
10106;"NF2";"SACHET";1;54,2;49,1;85,4;83;65,6;893;78;122;235
10106;"NF2";"SACHET";1;87,7;75,2;59,9;69,1;63,7;1520;64,2333333333333;122;235
10106;"NF2";"SACHET";3;161,2;150,4;77;95,4;94,1;2101;88,8333333333333;125;251
10106;"NF2";"SACHET";6;111,5;96,6;43,3;45,5;76,9;1923;55,2333333333333;120;222
10486;"GM";"CAGE";1;45,6;40,7;49,6;56,8;64,1;895;56,8333333333333;140;144
10486;"GM";"CAGE";2;68,8;63,2;60,3;62,7;74,2;1187;65,7333333333333;143;182
10486;"GM";"CAGE";3;31,5;26,5;45,7;48,5;41,4;628;45,2;151;123
10486;"GM";"SACHET";1;73,3;63;70,9;73,9;57,2;980;67,3333333333333;128;52
10486;"GM";"SACHET";2;89,3;80,4;78,1;78,3;62,5;1297;72,9666666666667;127;195
10486;"GM";"SACHET";3;65,8;58,5;50,9;60;68,4;1049;59,7666666666667;136;188
10486;"GM";"SACHET";4;56;51,8;65,9;62,9;64,3;971;64,3666666666667;134;158
10486;"GM";"SACHET";5;31,5;19,5;59,7;55;52,9;1894;55,8666666666667;102;144
10486;"GM";"SACHET";6;38,9;35,3;52,8;56;50,7;843;53,1666666666667;125;130
10486;"PM";"CAGE";1;43,6;36,8;56,5;64,3;41;681;53,9333333333333;133;133
10486;"PM";"CAGE";2;40,9;36,2;54,4;58,7;54,3;784;55,8;122;130
10486;"PM";"CAGE";3;45,6;37,6;54,3;63,3;55,6;761;57,7333333333333;121;159
10486;"PM";"SACHET";1;63,6;58,5;67;63;61,7;2092;63,9;139;51
10486;"PM";"SACHET";2;87,6;79,2;66,4;72,7;76,6;1218;71,9;119;182
10486;"PM";"SACHET";3;55,4;49,3;63,8;74,7;69,6;911;69,3666666666667;136;140
10486;"PM";"SACHET";4;48,2;45,1;32,5;29;47,3;968;36,2666666666667;135;134
10486;"PM";"SACHET";5;38,6;35,1;42;50,8;45,1;881;45,9666666666667;135;130
10486;"PM";"SACHET";6;46,3;42,9;48,2;55;46,7;891;49,9666666666667;134;140
10486;"PM + Abeille";"CAGE";1;34,8;24,6;47,1;71,1;49,1;555;55,7666666666667;133;160
10486;"PM + Abeille";"CAGE";2;66,8;57,2;64,6;60,1;70,9;2017;65,2;117;210
10486;"PM + Abeille";"CAGE";3;16,1;13,9;33,5;44,6;38,3;435;38,8;127;81
10486;"PM + Pollen";"SACHET";3;60,5;51,5;60,5;67,2;58,9;1138;62,2;130;152
10486;"PM + Pollen";"SACHET";6;26,9;17,8;40,2;44,2;34,5;492;39,6333333333333;136;109
10486;"NF";"CAGE";1;61,2;56,2;46,3;57,4;35,5;1223;46,4;137;173
10486;"NF";"CAGE";2;80,8;75,9;70,5;70;61,7;1334;67,4;137;175
10486;"NF";"CAGE";3;38;32,9;29,1;33,9;28,5;965;30,5;141;134
10486;"NF1";"SACHET";1;35,7;33,1;49,2;43;40,5;862;44,2333333333333;133;57
10486;"NF1";"SACHET";2;61,6;56,9;72,4;69,5;54,2;1112;65,3666666666667;135;160
10486;"NF1";"SACHET";3;55,5;51,9;45,4;48,7;49,3;1242;47,8;133;144
10486;"NF1";"SACHET";4;43,2;39,3;46,4;53,1;31,5;1101;43,6666666666667;129;141
10486;"NF1";"SACHET";5;40,2;37,2;48,5;43,5;46,3;981;46,1;140;135
10486;"NF1";"SACHET";6;39;35,3;40,9;45,7;46,2;1386;44,2666666666667;126;128
10486;"NF2";"SACHET";1;57,3;51,2;56,4;53,8;62,4;1063;57,5333333333333;147;47
10486;"NF2";"SACHET";3;18,4;15,7;26,9;33,9;34;613;31,6;136;90
10486;"NF2";"SACHET";6;41;35,4;52,5;53,6;51,9;1435;52,6666666666667;137;119
10626;"GM";"CAGE";1;60;50,7;49,4;63,4;55;1207;55,9333333333333;160;162
10626;"GM";"CAGE";2;46,1;40,8;53,6;55,9;54,5;1074;54,6666666666667;108;133
10626;"GM";"CAGE";3;33,3;28;47,1;41;34,9;756;41;110;124
10626;"GM";"SACHET";1;63,7;58,5;53,2;69,3;65,1;1206;62,5333333333333;106;165
10626;"GM";"SACHET";2;61,6;54,5;73,3;42,6;61,2;1129;59,0333333333333;118;150
10626;"GM";"SACHET";3;60,1;53,1;42,3;42,9;58;1238;47,7333333333333;114;177
10626;"GM";"SACHET";4;135,4;120,3;82,5;106;91,5;1508;93,3333333333333;117;252
10626;"GM";"SACHET";5;57,8;50,8;53,2;48,5;54,4;1108;52,0333333333333;119;149
10626;"GM";"SACHET";6;73,4;68,3;48;60,2;53,6;1383;53,9333333333333;121;172
10626;"PM";"CAGE";1;56,7;48,7;47,1;49,3;55,7;1153;50,7;90;155
10626;"PM";"CAGE";2;38;32,5;48,5;37,5;44,6;868;43,5333333333333;108;130
10626;"PM";"CAGE";3;28,9;23,9;21,9;41;33,1;864;32;114;125
10626;"PM";"SACHET";1;54;47,5;43,1;29,4;69,5;997;47,3333333333333;102;150
10626;"PM";"SACHET";2;27,5;23,4;45,2;47;40,7;702;44,3;116;130
10626;"PM";"SACHET";3;57,4;50,2;59,4;65,4;50;1101;58,2666666666667;105;162
10626;"PM";"SACHET";4;115,7;95,7;107,2;100,8;94;1361;100,666666666667;108;300
10626;"PM";"SACHET";5;18,1;10,1;91,6;105,1;85,6;234;94,1;118;115
10626;"PM";"SACHET";6;73,2;63,9;58;60,4;65,6;1224;61,3333333333333;114;165
10626;"PM + Abeille";"CAGE";1;31,9;28,1;47,4;9,2;38,3;936;31,6333333333333;101;124
10626;"PM + Abeille";"CAGE";2;53;46,7;44,8;56,6;66;1066;55,8;102;136
10626;"PM + Abeille";"CAGE";3;26,6;22,4;44,2;41,6;46,1;725;43,9666666666667;101;121
10626;"PM + Pollen";"SACHET";3;48,6;42;54,9;56,3;62,2;981;57,8;114;160
10626;"PM + Pollen";"SACHET";6;60,2;54,3;60,3;66,3;55,7;1183;60,7666666666667;123;158
10626;"NF";"CAGE";1;53,3;46,6;51,5;72;59,6;1110;61,0333333333333;102;141
10626;"NF";"CAGE";2;46,1;40,3;59;59;51,7;1116;56,5666666666667;101;159
10626;"NF";"CAGE";3;50,2;44,7;55,1;30,1;56,5;1045;47,2333333333333;109;142
10626;"NF1";"SACHET";1;28,4;24,3;37,4;35,5;17,9;884;30,2666666666667;136;122
10626;"NF1";"SACHET";2;64,8;58,3;47,3;46,7;37,8;1468;43,9333333333333;111;177
10626;"NF1";"SACHET";3;25,4;22;41,7;47,4;47,2;672;45,4333333333333;118;98
10626;"NF1";"SACHET";4;157,4;142,8;81,6;94,9;92,3;2064;89,6;115;265
10626;"NF1";"SACHET";5;60,6;55,2;45,1;62;48,1;1260;51,7333333333333;108;150
10626;"NF1";"SACHET";6;107,6;99,1;75,3;65;59,6;1680;66,6333333333333;112;196
10626;"NF2";"SACHET";1;45,9;41,8;38,8;40,9;39,6;1197;39,7666666666667;117;135
10626;"NF2";"SACHET";3;79,7;73,3;54,8;67,3;31,1;2764;51,0666666666667;112;187
10626;"NF2";"SACHET";6;81,1;74;72,1;61;60,1;1406;64,4;102;170
12026;"Micro";"MICRO";1;14,1;10,3;32,74;27,02;32,53;251;30,7633333333333;NA;NA
12277;"MICRO";"MICRO";1;47;42;50,4;42;59,4;1111;50,6;NA;NA
12446;"GM";"CAGE";1;73,3;68,7;55,81;54,08;50,18;1358;53,3566666666667;182;180
12446;"GM";"CAGE";2;95,6;87,4;69,31;87,18;70,08;1415;75,5233333333333;166;210
12446;"GM";"CAGE";3;16,7;14,3;35;40,8;39,52;319;38,44;162;70
12446;"GM";"SACHET";1;45,4;358;43,28;36,12;57,93;958;45,7766666666667;210;130
12446;"GM";"SACHET";2;63,9;49,2;60,88;51,74;46,97;1177;53,1966666666667;183;178
12446;"GM";"SACHET";3;34,4;25,8;57;45,9;46,31;655;49,7366666666667;183;118
12446;"GM";"SACHET";4;113,7;103,8;84,2;78,58;56,4;1602;73,06;160;230
12446;"GM";"SACHET";5;115,8;105,1;58,95;63,79;90,44;1536;71,06;146;226
12446;"GM";"SACHET";6;51;41,6;49,05;34,86;57,14;1059;47,0166666666667;176;181
12446;"PM";"CAGE";1;32,9;28,2;45,4;44,56;39,53;594;43,1633333333333;177;120
12446;"PM";"CAGE";2;37,5;30,2;60,23;54,37;55,26;637;56,62;185;110
12446;"PM";"CAGE";3;41,2;33,5;55,37;60,97;50,69;742;55,6766666666667;177;140
12446;"PM";"SACHET";1;40,6;30,3;48,8;51,4;35,43;783;45,21;211;170
12446;"PM";"SACHET";2;65;58,8;47,25;52,76;56,17;1245;52,06;179;175
12446;"PM";"SACHET";3;57,1;44,1;46,85;60,14;58,81;995;55,2666666666667;173;144
12446;"PM";"SACHET";4;99,3;87,3;78,72;63,09;68,36;1421;70,0566666666667;163;218
12446;"PM";"SACHET";5;61,8;51,4;65,49;57,82;71,62;1121;64,9766666666667;201;180
12446;"PM";"SACHET";6;53,9;38,7;55,26;52,13;52,92;800;53,4366666666667;179;180
12446;"PM + Abeille";"CAGE";1;38,3;20,5;49,54;40,79;38,97;450;43,1;197;160
12446;"PM + Abeille";"CAGE";2;32,9;24,4;39,39;39,32;46,56;577;41,7566666666667;183;140
12446;"PM + Abeille";"CAGE";3;73,8;59,2;52,36;49,08;44,92;1197;48,7866666666667;160;195
12446;"PM + Pollen";"SACHET";3;64;57,1;51,11;59,13;63,46;1259;57,9;170;161
12446;"PM + Pollen";"SACHET";6;62,2;53,8;56,3;57,16;56,39;1253;56,6166666666667;177;179
12446;"NF";"CAGE";1;84,3;78,3;68,3;69,25;65,34;1648;67,63;170;210
12446;"NF";"CAGE";2;84,2;74,6;39,87;66,91;76,81;1424;61,1966666666667;172;195
12446;"NF";"CAGE";3;101,7;92;96,67;70,86;54,74;1374;74,09;166;240
12446;"NF1";"SACHET";1;40,4;34,7;46,25;35,78;23,04;985;35,0233333333333;195;125
12446;"NF1";"SACHET";2;48,3;35,6;47,29;53,99;59,25;894;53,51;185;140
12446;"NF1";"SACHET";3;30,2;22,2;48,02;44,28;45,8;556;46,0333333333333;165;115
12446;"NF1";"SACHET";4;65,8;43,4;33,87;56,2;56,41;929;48,8266666666667;170;169
12446;"NF1";"SACHET";5;157,6;136,2;101,43;102,54;97,17;1705;100,38;150;267
12446;"NF1";"SACHET";6;74,3;65,6;31,33;56,39;64,47;1643;50,73;181;138
12446;"NF2";"SACHET";1;45,4;34,3;19,31;46,92;40,84;887;35,69;195;136
12446;"NF2";"SACHET";3;33,3;26,9;41,72;37,58;17,15;795;32,15;168;108
12446;"NF2";"SACHET";6;94,6;78;64,86;62,31;56,61;1352;61,26;187;218
12473;"GM";"CAGE";1;66,9;57,5;46,1;58,7;52,8;1352;52,5333333333333;160;190
12473;"GM";"CAGE";2;72,2;61;52,5;51,1;56,7;1495;53,4333333333333;158;185
12473;"GM";"CAGE";3;78,2;70,6;47,4;44,3;42,8;1509;44,8333333333333;154;210
12473;"GM";"SACHET";1;18,7;14,2;32,9;24,7;30,2;525;29,2666666666667;153;100
12473;"GM";"SACHET";2;58,2;45,2;53,2;39,8;41,2;1109;44,7333333333333;163;180
12473;"GM";"SACHET";3;45,4;36,5;55,4;38,1;49,8;1023;47,7666666666667;174;157
12473;"GM";"SACHET";4;53;46,4;51,7;30,4;52,7;1140;44,9333333333333;171;170
12473;"GM";"SACHET";5;60,5;50,5;32,1;53,1;51,6;1291;45,6;156;177
12473;"GM";"SACHET";6;58,3;46,8;49,9;36,5;49,1;1177;45,1666666666667;142;197
12473;"PM";"CAGE";1;54,9;44,8;53,9;58,4;52,2;948;54,8333333333333;153;189
12473;"PM";"CAGE";2;84,1;70,1;61,3;63,5;77,2;1183;67,3333333333333;133;258
12473;"PM";"CAGE";3;82;71,8;67,6;47,9;61,8;1285;59,1;151;235
12473;"PM";"SACHET";1;25,7;19,4;31,7;32,8;34,9;626;33,1333333333333;147;110
12473;"PM";"SACHET";2;37,3;29,7;59,3;49,2;41,8;602;50,1;171;150
12473;"PM";"SACHET";3;23,9;18,1;33,3;35,2;37,7;680;35,4;186;112
12473;"PM";"SACHET";4;63,6;54;53,1;25,4;35,4;1398;37,9666666666667;168;196
12473;"PM";"SACHET";5;59,2;48,3;62,3;61,9;49,8;1194;58;143;185
12473;"PM";"SACHET";6;67;51,4;49,3;53;52,3;1524;51,5333333333333;127;201
12473;"PM + Abeille";"CAGE";1;48,1;42,3;47;45;65,7;995;52,5666666666667;177;178
12473;"PM + Abeille";"CAGE";2;55,9;47;50,5;53,4;40,3;1156;48,0666666666667;166;185
12473;"PM + Abeille";"CAGE";3;52,4;45,8;50,5;71,2;39,9;1031;53,8666666666667;165;175
12473;"PM + Pollen";"SACHET";3;70;62,7;56;35,9;38,8;1448;43,5666666666667;158;185
12473;"PM + Pollen";"SACHET";6;72,2;53,6;49,2;44,1;54,2;1245;49,1666666666667;129;182
12473;"NF";"CAGE";1;101,5;70,7;57;29,5;33,8;1725;40,1;132;240
12473;"NF";"CAGE";2;33,2;24,9;33,8;28,9;47,7;808;36,8;152;145
12473;"NF";"CAGE";3;47,9;37,9;36,2;46,5;27,8;1172;36,8333333333333;161;164
12473;"NF1";"SACHET";1;14,5;10,4;36,4;29;40,4;402;35,2666666666667;148;89
12473;"NF1";"SACHET";2;41,4;35,5;45,5;48,1;32,2;1016;41,9333333333333;191;146
12473;"NF1";"SACHET";3;49,5;41;59,2;66,5;45,7;905;57,1333333333333;166;180
12473;"NF1";"SACHET";4;69,3;58,5;56,2;39,3;47,2;1493;47,5666666666667;166;177
12473;"NF1";"SACHET";5;46,4;37,2;47,8;38,1;29,8;1057;38,5666666666667;159;157
12473;"NF1";"SACHET";6;65,4;53,5;39,8;52,7;55;1486;49,1666666666667;147;177
12473;"NF2";"SACHET";1;13,4;8,8;43,2;27,8;40,5;327;37,1666666666667;146;95
12473;"NF2";"SACHET";3;46,2;36,6;35,3;39,6;39;1003;37,9666666666667;179;166
12473;"NF2";"SACHET";6;76,2;67,7;53,2;41,2;76,1;1405;56,8333333333333;132;206
13138;"GM";"CAGE";1;20,4;17,6;42,9;43,7;36,339;414;40,9796666666667;90;90
13138;"GM";"CAGE";2;18,9;15,3;25,5;40;32,4;374;32,6333333333333;92;84
13138;"GM";"CAGE";3;25,8;23,3;35,1;48,3;26,4;549;36,6;93;92
13138;"GM";"SACHET";1;13,6;8,9;32,2;30,1;26,7;303;29,6666666666667;107;80
13138;"GM";"SACHET";2;33,5;29,3;55,8;53,5;49,5;593;52,9333333333333;89;89
13138;"GM";"SACHET";3;30,6;28,1;50;36,7;50,8;655;45,8333333333333;121;109
13138;"GM";"SACHET";4;30,2;27,1;50,7;42,7;31,5;536;41,6333333333333;105;106
13138;"GM";"SACHET";5;39,5;35,5;57,3;59,9;51,2;716;56,1333333333333;93;115
13138;"GM";"SACHET";6;18,7;16,2;44,3;41,1;45,6;981;43,6666666666667;83;80
13138;"PM";"CAGE";1;13,9;10,1;26,3;40,1;34,1;287;33,5;103;81
13138;"PM";"CAGE";2;27,2;22;53,4;53,8;48,1;473;51,7666666666667;104;97
13138;"PM";"CAGE";3;16,8;12,7;37,7;38,7;30,2;332;35,5333333333333;101;77
13138;"PM";"SACHET";1;16,1;11,7;35,5;33,9;43,9;327;37,7666666666667;109;91
13138;"PM";"SACHET";2;44,8;41,6;83,6;49,8;63;629;65,4666666666667;79;111
13138;"PM";"SACHET";3;28,1;22,8;43,4;43,2;27,7;554;38,1;101;98
13138;"PM";"SACHET";4;27;22,5;47,8;47,2;35,9;603;43,6333333333333;100;105
13138;"PM";"SACHET";5;42;38;61,6;69,6;71,8;634;67,6666666666667;97;110
13138;"PM";"SACHET";6;18,3;15,6;41,1;45,5;36,5;353;41,0333333333333;80;74
13138;"PM + Abeille";"CAGE";1;42,7;38,7;70,3;45,1;51,9;691;55,7666666666667;102;124
13138;"PM + Abeille";"CAGE";2;27,7;25,2;45,4;35,8;45,9;550;42,3666666666667;101;106
13138;"PM + Abeille";"CAGE";3;16,6;13,9;47,8;37,9;53,6;303;46,4333333333333;100;86
13138;"PM + Pollen";"SACHET";3;31,5;27,3;46,7;51,3;50,8;574;49,6;103;103
13138;"PM + Pollen";"SACHET";6;5,1;4,2;27,2;28,8;24,6;149;26,8666666666667;76;50
13138;"NF";"CAGE";1;30,1;26,2;37,5;41,2;45,7;615;41,4666666666667;96;88
13138;"NF";"CAGE";1;16,8;13;38,2;35,6;30,6;377;34,8;96;88
13138;"NF";"CAGE";2;18,8;16,2;43,2;43;37,6;394;41,2666666666667;89;84
13138;"NF1";"SACHET";1;17,7;13,8;34,6;30,4;29,7;413;31,5666666666667;110;96
13138;"NF1";"SACHET";2;33,1;29,1;39,6;48,8;40,7;656;43,0333333333333;101;105
13138;"NF1";"SACHET";3;17,1;13,9;40,4;35,5;45,8;362;40,5666666666667;91;75
13138;"NF1";"SACHET";4;59,9;55,2;63,3;67,9;50;922;60,4;98;152
13138;"NF1";"SACHET";5;18,1;15,3;41,2;45,3;34,4;390;40,3;89;86
13138;"NF1";"SACHET";6;7,1;5,4;22,2;39,6;31,8;176;31,2;68;53
13138;"NF1";"SACHET";6;15,8;13,7;39,4;32,6;41,5;360;37,8333333333333;68;53
13138;"NF2";"SACHET";1;17,2;12,1;30,1;35;29,3;429;31,4666666666667;115;84
13138;"NF2";"SACHET";3;38,4;35,5;53,8;56,1;692,7;701;267,533333333333;105;115
13253;"GM";"CAGE";1;34,6;28;61,8;39,9;50,1;658;50,6;102;120
13253;"GM";"CAGE";2;20;15,4;34,7;58,3;24,6;481;39,2;101;100
13253;"GM";"CAGE";3;18,2;14,1;39,2;42,6;41,6;401;41,1333333333333;99;96
13253;"GM";"SACHET";1;24,8;21;51,6;47,7;43,4;551;47,5666666666667;93;104
13253;"GM";"SACHET";2;25,9;20,8;32,7;35,9;48,3;568;38,9666666666667;102;114
13253;"GM";"SACHET";3;46,8;41,5;44,7;42,9;47,9;1014;45,1666666666667;105;149
13253;"GM";"SACHET";4;19;14,9;47,2;46,8;38,9;440;44,3;87;82
13253;"GM";"SACHET";5;25,3;19,6;37,6;61,9;18;501;39,1666666666667;96;109
13253;"GM";"SACHET";6;20,3;15,2;25,2;50,9;54,3;519;43,4666666666667;103;102
13253;"PM";"CAGE";1;14,8;10,2;30,8;46,2;31,4;442;36,1333333333333;83;90
13253;"PM";"CAGE";2;15,4;11,2;43,7;40,4;15,2;446;33,1;87;105
13253;"PM";"CAGE";3;14,3;11,4;44;38,6;30,5;405;37,7;86;101
13253;"PM";"SACHET";1;24;19,4;57;72,5;63;422;64,1666666666667;101;102
13253;"PM";"SACHET";2;44,7;38,5;69,5;35,6;50,1;863;51,7333333333333;94;130
13253;"PM";"SACHET";3;21,9;17,4;35,2;36,8;16,9;556;29,6333333333333;101;115
13253;"PM";"SACHET";4;27,6;22,4;46,2;32,6;22,2;590;33,6666666666667;82;98
13253;"PM";"SACHET";5;21,8;16,6;46,9;46,5;43,3;464;45,5666666666667;92;105
13253;"PM";"SACHET";6;25,3;20,6;32,8;21,1;24,3;633;26,0666666666667;101;112
13253;"PM + Abeille";"CAGE";1;14,7;10,3;26,9;39,2;41,5;407;35,8666666666667;98;101
13253;"PM + Abeille";"CAGE";2;4,7;3,7;32,7;39,4;27,9;134;33,3333333333333;82;51
13253;"PM + Abeille";"CAGE";3;15,9;12,3;37,9;31,8;42,8;439;37,5;90;80
13253;"PM + Pollen";"SACHET";3;16,3;11,4;41,5;21;14,9;538;25,8;96;90
13253;"PM + Pollen";"SACHET";6;22,7;18,7;37,2;40,5;36,6;585;38,1;96;109
13253;"NF";"CAGE";1;41,2;34,2;49,4;40,6;32,2;1003;40,7333333333333;104;131
13253;"NF";"CAGE";2;21,5;17,4;39,4;34,1;23,2;514;32,2333333333333;96;98
13253;"NF";"CAGE";3;56,7;49,2;68,3;59,6;56,6;985;61,5;105;169
13253;"NF1";"SACHET";1;29,7;26;42,3;57,7;43,9;684;47,9666666666667;88;102
13253;"NF1";"SACHET";2;41,2;36;48,2;59,9;62,7;815;56,9333333333333;102;129
13253;"NF1";"SACHET";3;36,5;31,9;39,2;45,5;25;931;36,5666666666667;93;136
13253;"NF1";"SACHET";4;11,1;7,1;28,2;27,7;16;350;23,9666666666667;71;87
13253;"NF1";"SACHET";5;39,8;34,4;42,2;50,7;51,7;812;48,2;95;127
13253;"NF1";"SACHET";6;42,8;36,4;34,2;46,7;46,3;1011;42,4;102;137
13253;"NF2";"SACHET";1;38,8;33,7;59;29,3;45,5;764;44,6;90;121
13253;"NF2";"SACHET";3;30,6;26,5;35,1;51,7;35,2;753;40,6666666666667;98;110
13253;"NF2";"SACHET";6;22;15,3;42;32,5;37,4;559;37,3;93;126
14499;"GM";"CAGE";1;45;33,6;82,3;83,51;81,22;397;82,3433333333333;124;204
14499;"GM";"CAGE";2;61,7;48,1;82,78;84,18;93,3;582;86,7533333333333;129;230
14499;"GM";"CAGE";3;55,2;38,7;93,33;93,8;92,62;438;93,25;120;235
14499;"GM";"SACHET";1;24,4;17;42,16;40,66;46,42;319;43,08;132;123
14499;"GM";"SACHET";2;81;71,3;96,91;95,87;88,52;813;93,7666666666667;112;202
14499;"GM";"SACHET";3;80,9;62,6;99,53;91,97;89,76;704;93,7533333333333;126;250
14499;"GM";"SACHET";4;68,9;59,5;87,61;73,7;84,88;825;82,0633333333333;137;194
14499;"GM";"SACHET";5;64;56,4;69,21;69,56;60,85;962;66,54;136;162
14499;"GM";"SACHET";6;57,2;48,4;37,17;59,3;52,08;919;49,5166666666667;145;176
14499;"PM";"CAGE";1;45,2;36;77,74;72,58;79,44;437;76,5866666666667;123;194
14499;"PM";"CAGE";2;59,8;49,3;81,58;82,09;76,3;634;79,99;128;195
14499;"PM";"CAGE";3;49,6;41,5;65,61;58,55;59,62;715;61,26;135;197
14499;"PM";"SACHET";1;24,2;15;33,22;34,07;38,77;313;35,3533333333333;134;113
14499;"PM";"SACHET";2;105,6;94,5;75,58;98,23;98,63;1159;90,8133333333333;128;221
14499;"PM";"SACHET";3;69,2;567;93,25;90,59;76,45;655;86,7633333333333;156;202
14499;"PM";"SACHET";4;46;28,7;73,58;96,75;111,51;329;93,9466666666667;125;190
14499;"PM";"SACHET";5;54,8;44,7;67,32;61,05;66,92;705;65,0966666666667;129;168
14499;"PM";"SACHET";6;67,4;56,7;58,14;73,78;65,77;852;65,8966666666667;140;200
14499;"PM + Abeille";"CAGE";1;47,5;38,3;65,49;64,38;72,24;590;67,37;130;172
14499;"PM + Abeille";"CAGE";2;44,4;37,1;59,28;66,78;69,73;533;65,2633333333333;127;150
14499;"PM + Abeille";"CAGE";3;26,9;20,8;48,64;37,09;40,52;449;42,0833333333333;140;98
14499;"PM + Pollen";"SACHET";3;716;63,1;90,03;82,47;66,15;859;79,55;150;194
14499;"PM + Pollen";"SACHET";6;56,3;47,2;82,97;93,94;88,42;692;88,4433333333333;135;155
14499;"NF";"CAGE";1;97,4;91,2;92,17;92,57;89,05;1170;91,2633333333333;132;230
14499;"NF";"CAGE";2;42,7;35,8;68,1;59,27;71,35;574;66,24;141;135
14499;"NF";"CAGE";3;88,2;75,9;85,97;78,58;100,2;919;88,25;128;233
14499;"NF1";"SACHET";1;24,1;14,7;36,34;38,24;36,1;337;36,8933333333333;125;114
14499;"NF1";"SACHET";2;104,6;93,8;106,6;104,44;89,07;1115;100,036666666667;119;242
14499;"NF1";"SACHET";3;90,8;83,7;90,53;81,96;71,81;1115;81,4333333333333;135;204
14499;"NF1";"SACHET";4;85,2;73;78,97;89,49;84,33;931;84,2633333333333;118;232
14499;"NF1";"SACHET";5;50,1;38,2;40,69;42,15;59,74;775;47,5266666666667;138;147
14499;"NF1";"SACHET";6;85,2;76,6;89,12;87,23;91,27;966;89,2066666666667;135;199
14499;"NF2";"SACHET";1;38,6;23,2;44,23;45,65;44,25;527;44,71;145;152
14499;"NF2";"SACHET";3;67,4;55,2;78,87;79,34;87,85;687;82,02;149;205
14499;"NF2";"SACHET";6;78,6;72,9;75,7;69,35;74,2;1147;73,0833333333333;150;189
15339;"GM";"CAGE";1;89,7;77,9;74,5;81,7;89,7;971;81,9666666666667;123;199
15339;"GM";"CAGE";2;46,1;40,1;51,3;33,2;39,7;981;41,4;145;150
15339;"GM";"CAGE";3;81,6;74,9;44,8;45,8;74,9;1255;55,1666666666667;148;204
15339;"GM";"SACHET";1;55,8;48,5;45,9;44;33,5;1068;41,1333333333333;142;154
15339;"GM";"SACHET";2;47,3;41;63,9;58;53,8;931;58,5666666666667;133;167
15339;"GM";"SACHET";3;9,8;8,3;27;36,8;25,8;324;29,8666666666667;129;154
15339;"GM";"SACHET";4;111,9;103,3;94,7;94,4;93,3;1328;94,1333333333333;123;196
15339;"GM";"SACHET";4;51,8;45,9;47,7;47,1;44,9;1070;46,5666666666667;123;196
15339;"GM";"SACHET";5;85,8;78;74,5;71,9;71,6;1306;72,6666666666667;137;192
15339;"GM";"SACHET";6;71,8;66,8;56,8;55,7;59,5;1120;57,3333333333333;136;177
15339;"PM";"CAGE";1;81,2;67,6;69,7;68,6;60,9;1316;66,4;140;210
15339;"PM";"CAGE";2;63,4;56,3;48,7;38,6;44,4;1166;43,9;144;159
15339;"PM";"CAGE";3;47,1;41,8;44,4;45,5;39,8;1017;43,2333333333333;144;175
15339;"PM";"SACHET";1;85,1;73,9;70;85,6;74;1102;76,5333333333333;135;200
15339;"PM";"SACHET";2;57,9;51,3;44,6;66,8;46,7;1040;52,7;140;171
15339;"PM";"SACHET";3;90,5;81,3;84,2;68;85,2;1058;79,1333333333333;125;220
15339;"PM";"SACHET";4;69,8;62,4;70,4;57,5;71,1;1094;66,3333333333333;129;175
15339;"PM";"SACHET";5;90,1;83,6;67,5;84,9;88,9;1208;80,4333333333333;137;214
15339;"PM";"SACHET";6;52,6;46,3;52,6;63,2;40,5;960;52,1;142;176
15339;"PM + Abeille";"CAGE";1;30,5;25,8;57;51,8;49,8;612;52,8666666666667;153;135
15339;"PM + Abeille";"CAGE";2;57;50,1;56,3;60,8;53,3;1032;56,8;144;190
15339;"PM + Abeille";"CAGE";3;79,8;70,9;73,5;67,1;66,8;1036;69,1333333333333;139;185
15339;"PM + Pollen";"SACHET";3;58,9;50,6;66,5;41,3;42,8;927;50,2;126;172
15339;"PM + Pollen";"SACHET";6;65,2;58,5;74,3;69,3;63,5;1056;69,0333333333333;135;169
15339;"NF";"CAGE";1;40,2;35,7;35,5;38,7;35,3;910;36,5;144;140
15339;"NF";"CAGE";2;73,3;67,9;64,3;79;57,4;1071;66,9;138;175
15339;"NF";"CAGE";3;75,5;66,9;85,9;83,9;61;990;76,9333333333333;140;178
15339;"NF1";"SACHET";1;55;47,9;59,2;44,7;55,3;956;53,0666666666667;148;168
15339;"NF1";"SACHET";2;67,8;61,9;61,8;76,2;69,3;999;69,1;139;191
15339;"NF1";"SACHET";3;93,3;84,9;74,3;37,1;76;1225;62,4666666666667;120;213
15339;"NF1";"SACHET";4;56,1;50,1;49,8;54,4;66,9;1047;57,0333333333333;124;187
15339;"NF1";"SACHET";5;61,1;56,3;60;62,4;60,6;1037;61;144;180
15339;"NF1";"SACHET";6;76;71,1;54,9;68,7;48;1270;57,2;168;194
15339;"NF2";"SACHET";1;52,1;44,7;63,4;54,1;37,1;963;51,5333333333333;143;169
15339;"NF2";"SACHET";3;61,8;57;66,1;75,5;74;1055;71,8666666666667;129;165
15339;"NF2";"SACHET";6;69,4;62,9;67,4;63;65;1163;65,1333333333333;144;200
16659;"MICRO";"MICRO";1;40;35,4;31,8;29,1;11,7;1573;24,2;NA;NA
17019;"GM";"CAGE";1;36,7;32,7;44,7;52,4;35,5;863;44,2;102;140
17019;"GM";"CAGE";2;33,7;31,1;21,9;19,5;18,4;1022;19,9333333333333;100;122
17019;"GM";"CAGE";3;35,4;32,1;55,2;59,4;35,8;785;50,1333333333333;107;123
17019;"GM";"SACHET";1;16,5;12,6;12,5;30,9;28,5;631;23,9666666666667;109;154
17019;"GM";"SACHET";1;62;57,5;55,6;55,9;52,4;1033;54,6333333333333;109;154
17019;"GM";"SACHET";2;52;48,2;33;58,4;38,3;1275;43,2333333333333;119;155
17019;"GM";"SACHET";4;31,7;26;41,8;57,2;50,6;645;49,8666666666667;85;130
17019;"GM";"SACHET";5;24,3;17,7;22,9;16,6;26,9;806;22,1333333333333;81;109
17019;"GM";"SACHET";6;30,1;25,9;21,1;35,3;20,9;765;25,7666666666667;99;131
17019;"PM";"CAGE";1;37,9;34,5;34,6;20,9;25,3;1048;26,9333333333333;95;141
17019;"PM";"CAGE";2;25,7;19,8;45;24,8;32;773;33,9333333333333;92;121
17019;"PM";"CAGE";3;21,4;17,9;25,2;20,1;20,2;673;21,8333333333333;89;115
17019;"PM";"SACHET";1;27,6;23,9;42,3;31,5;34,3;623;36,0333333333333;105;129
17019;"PM";"SACHET";2;28,9;24,9;48,8;45;22;686;38,6;109;128
17019;"PM";"SACHET";3;35,9;31,9;34,8;18,4;31,9;1074;28,3666666666667;103;146
17019;"PM";"SACHET";4;27,9;23,4;19,2;27,1;36,2;910;27,5;83;110
17019;"PM";"SACHET";5;21,8;17,4;19,4;35,5;39,3;790;31,4;84;108
17019;"PM";"SACHET";6;26,1;21,7;17,3;17,2;31,3;865;21,9333333333333;89;124
17019;"PM + Abeille";"CAGE";1;28,9;23,9;54,4;54,3;24,9;694;44,5333333333333;91;111
17019;"PM + Abeille";"CAGE";2;14,1;10,7;16;18,7;17;511;17,2333333333333;96;85
17019;"PM + Abeille";"CAGE";3;19,4;15,3;21,4;38,4;32,8;565;30,8666666666667;91;91
17019;"PM + Pollen";"SACHET";3;18,7;13,1;24,7;13,3;13,6;648;17,2;104;86
17019;"PM + Pollen";"SACHET";6;23,2;19,1;24,3;21,2;16,7;636;20,7333333333333;99;99
17019;"NF";"CAGE";1;21,2;14,3;44,2;49,4;28,4;529;40,6666666666667;83;105
17019;"NF";"CAGE";2;30,3;26,3;19,8;38,4;38,4;999;32,2;91;127
17019;"NF";"CAGE";3;43,7;20;38,9;12;25,6;1260;25,5;93;139
17019;"NF1";"SACHET";1;72,4;66,5;74,2;72,2;62,5;1043;69,6333333333333;118;154
17019;"NF1";"SACHET";1;43,7;38,9;45,6;27,4;44,8;929;39,2666666666667;118;154
17019;"NF1";"SACHET";1;24,2;20,3;39,8;30,7;33,3;866;34,6;118;154
17019;"NF1";"SACHET";2;48,8;43,5;45,4;41,7;47,4;1202;44,8333333333333;108;161
17019;"NF1";"SACHET";3;30,8;28,6;27,9;21,6;30,8;970;26,7666666666667;102;130
17019;"NF1";"SACHET";4;26,9;23,1;40,8;26,5;36,6;919;34,6333333333333;82;125
17019;"NF1";"SACHET";6;36,7;32,8;39,5;49,7;21;917;36,7333333333333;98;130
17019;"NF2";"SACHET";3;34,5;30,6;30,8;45,6;37,4;1019;37,9333333333333;98;142
17019;"NF2";"SACHET";6;34,7;21,8;38,3;41,4;42,8;726;40,8333333333333;94;100
